Request ID,Image ID,Arrival Time,Queue Exit Time,Completion Time,Latency,Requested Latency,Timed Out
1589bdcc-74ba-4f95-8393-9ea8f5950f0e,1589bdcc-74ba-4f95-8393-9ea8f5950f0e_0,1739539016.6674993,1739539018.6792235,1739539020.1191447,3.4516453742980957,1.098841,False
20c9694a-c6d5-445f-b71b-e8202ae01d78,20c9694a-c6d5-445f-b71b-e8202ae01d78_0,1739539017.6722996,1739539018.6792235,1739539020.1237729,2.4514732360839844,6.281418,False
6430d617-c9d2-4d48-8431-dfb77ac988c8,6430d617-c9d2-4d48-8431-dfb77ac988c8_0,1739539015.8006415,1739539018.6792235,1739539020.1236672,4.323025703430176,16.281418,False
6430d617-c9d2-4d48-8431-dfb77ac988c8,6430d617-c9d2-4d48-8431-dfb77ac988c8_1,1739539015.8006415,1739539018.6792235,1739539020.1236672,4.323025703430176,16.281418,False
6430d617-c9d2-4d48-8431-dfb77ac988c8,6430d617-c9d2-4d48-8431-dfb77ac988c8_2,1739539015.8006415,1739539018.6792235,1739539020.1236672,4.323025703430176,16.281418,False
20c9694a-c6d5-445f-b71b-e8202ae01d78,20c9694a-c6d5-445f-b71b-e8202ae01d78_1,1739539017.6722996,1739539018.6792235,1739539020.1237729,2.4514732360839844,6.281418,False
20c9694a-c6d5-445f-b71b-e8202ae01d78,20c9694a-c6d5-445f-b71b-e8202ae01d78_2,1739539017.6722996,1739539018.6792235,1739539020.1237729,2.4514732360839844,6.281418,False
426069c6-05ba-4191-98df-8a3ec3b83f2a,426069c6-05ba-4191-98df-8a3ec3b83f2a_0,1739539020.6739783,1739539023.6748853,1739539024.741577,4.067598581314087,5.281418,False
426069c6-05ba-4191-98df-8a3ec3b83f2a,426069c6-05ba-4191-98df-8a3ec3b83f2a_1,1739539020.6739783,1739539023.6748853,1739539024.741577,4.067598581314087,5.281418,False
426069c6-05ba-4191-98df-8a3ec3b83f2a,426069c6-05ba-4191-98df-8a3ec3b83f2a_2,1739539020.6739783,1739539023.6748853,1739539024.741577,4.067598581314087,5.281418,False
ba280348-24a4-436c-b051-5267f8cfbc28,ba280348-24a4-436c-b051-5267f8cfbc28_0,1739539022.6668665,1739539023.6748853,1739539024.7465155,2.079648971557617,5.098841,False
6286e585-c7e9-452d-8193-352f85d90a4d,6286e585-c7e9-452d-8193-352f85d90a4d_0,1739539018.675513,1739539018.6792235,1739539024.7492135,6.073700428009033,3.190029,False
6286e585-c7e9-452d-8193-352f85d90a4d,6286e585-c7e9-452d-8193-352f85d90a4d_1,1739539018.675513,1739539023.6748853,1739539024.7492135,6.073700428009033,3.190029,False
773f5a9a-c56b-485c-a307-ebdd6031f590,773f5a9a-c56b-485c-a307-ebdd6031f590_0,1739539019.6691287,1739539023.6748853,1739539024.749737,5.080608367919922,2.098841,False
01b22238-29a7-41ef-b654-73ea4c48169d,01b22238-29a7-41ef-b654-73ea4c48169d_0,1739539021.6708915,1739539023.6748853,1739539024.7522118,3.081320285797119,1.098841,False
82573366-d3be-40cc-a07d-9a3570eeda47,82573366-d3be-40cc-a07d-9a3570eeda47_0,1739539023.6731932,1739539023.6748853,1739539024.7523274,1.079134225845337,3.098841,False
cc03bb0c-90ec-41fd-a1b9-96e6db795f6f,cc03bb0c-90ec-41fd-a1b9-96e6db795f6f_0,1739539025.6977541,1739539026.749584,1739539028.309353,2.6115989685058594,17.374043,False
cc03bb0c-90ec-41fd-a1b9-96e6db795f6f,cc03bb0c-90ec-41fd-a1b9-96e6db795f6f_1,1739539025.6977541,1739539026.749584,1739539028.309353,2.6115989685058594,17.374043,False
cc03bb0c-90ec-41fd-a1b9-96e6db795f6f,cc03bb0c-90ec-41fd-a1b9-96e6db795f6f_2,1739539025.6977541,1739539026.749584,1739539028.309353,2.6115989685058594,17.374043,False
cc03bb0c-90ec-41fd-a1b9-96e6db795f6f,cc03bb0c-90ec-41fd-a1b9-96e6db795f6f_3,1739539025.6977541,1739539026.749584,1739539028.309353,2.6115989685058594,17.374043,False
37535c39-3b4d-4080-b974-e77f522c2093,37535c39-3b4d-4080-b974-e77f522c2093_0,1739539024.699457,1739539026.749584,1739539028.3141751,3.614718198776245,14.190029,False
37535c39-3b4d-4080-b974-e77f522c2093,37535c39-3b4d-4080-b974-e77f522c2093_1,1739539024.699457,1739539026.749584,1739539028.3141751,3.614718198776245,14.190029,False
ed216743-fd3e-4d6d-9198-52ace204919e,ed216743-fd3e-4d6d-9198-52ace204919e_0,1739539026.72836,1739539026.749584,1739539030.083858,3.3554980754852295,8.374043,False
ed216743-fd3e-4d6d-9198-52ace204919e,ed216743-fd3e-4d6d-9198-52ace204919e_1,1739539026.72836,1739539026.749584,1739539030.083858,3.3554980754852295,8.374043,False
cf5b9507-c63d-4c87-bce1-a1ed25acdb15,cf5b9507-c63d-4c87-bce1-a1ed25acdb15_0,1739539027.6727712,1739539028.691293,1739539030.084162,2.411390781402588,4.374043,False
ed216743-fd3e-4d6d-9198-52ace204919e,ed216743-fd3e-4d6d-9198-52ace204919e_2,1739539026.72836,1739539028.691293,1739539030.083858,3.3554980754852295,8.374043,False
cf5b9507-c63d-4c87-bce1-a1ed25acdb15,cf5b9507-c63d-4c87-bce1-a1ed25acdb15_1,1739539027.6727712,1739539028.691293,1739539030.084162,2.411390781402588,4.374043,False
ed216743-fd3e-4d6d-9198-52ace204919e,ed216743-fd3e-4d6d-9198-52ace204919e_3,1739539026.72836,1739539028.691293,1739539030.083858,3.3554980754852295,8.374043,False
cf5b9507-c63d-4c87-bce1-a1ed25acdb15,cf5b9507-c63d-4c87-bce1-a1ed25acdb15_2,1739539027.6727712,1739539028.691293,1739539030.084162,2.411390781402588,4.374043,False
cf5b9507-c63d-4c87-bce1-a1ed25acdb15,cf5b9507-c63d-4c87-bce1-a1ed25acdb15_3,1739539027.6727712,1739539028.691293,1739539030.084162,2.411390781402588,4.374043,False
e940a514-6a02-40d3-85e3-efea8a1c9069,e940a514-6a02-40d3-85e3-efea8a1c9069_0,1739539029.673177,1739539032.6730087,1739539033.7091,4.035923004150391,13.190029,False
e940a514-6a02-40d3-85e3-efea8a1c9069,e940a514-6a02-40d3-85e3-efea8a1c9069_1,1739539029.673177,1739539032.6730087,1739539033.7091,4.035923004150391,13.190029,False
4b8446ec-537c-4491-a87d-06032fbac995,4b8446ec-537c-4491-a87d-06032fbac995_0,1739539030.6720393,1739539032.6730087,1739539033.715477,3.0434377193450928,14.281418,False
4b8446ec-537c-4491-a87d-06032fbac995,4b8446ec-537c-4491-a87d-06032fbac995_1,1739539030.6720393,1739539032.6730087,1739539033.715477,3.0434377193450928,14.281418,False
4b8446ec-537c-4491-a87d-06032fbac995,4b8446ec-537c-4491-a87d-06032fbac995_2,1739539030.6720393,1739539032.6730087,1739539033.715477,3.0434377193450928,14.281418,False
b4260007-398a-484d-b018-4a2ae1105f1b,b4260007-398a-484d-b018-4a2ae1105f1b_0,1739539028.6841414,1739539028.691293,1739539033.7177243,5.033582925796509,20.281418,False
b4260007-398a-484d-b018-4a2ae1105f1b,b4260007-398a-484d-b018-4a2ae1105f1b_1,1739539028.6841414,1739539028.691293,1739539033.7177243,5.033582925796509,20.281418,False
ec7a5c76-c2f6-4bde-a853-9b86b74dabb0,ec7a5c76-c2f6-4bde-a853-9b86b74dabb0_0,1739539031.6702363,1739539032.6730087,1739539033.718788,2.048551559448242,19.098841,False
b4bbb798-4a00-45be-917b-0b03a1b4d8d9,b4bbb798-4a00-45be-917b-0b03a1b4d8d9_0,1739539032.6702712,1739539032.6730087,1739539033.7210062,1.0507349967956543,10.098841,False
b4260007-398a-484d-b018-4a2ae1105f1b,b4260007-398a-484d-b018-4a2ae1105f1b_2,1739539028.6841414,1739539032.6730087,1739539033.7177243,5.033582925796509,20.281418,False
74fac188-254f-4d64-8ff6-141c6efa71be,74fac188-254f-4d64-8ff6-141c6efa71be_0,1739539036.6711094,1739539036.6736004,1739539038.1489813,1.4778718948364258,12.098841,False
004de291-288e-46f3-8a69-1cd08e76187b,004de291-288e-46f3-8a69-1cd08e76187b_0,1739539034.6928883,1739539036.6736004,1739539038.1512508,3.458362579345703,4.281418,False
caf6ba32-f4a1-49b5-bdda-217bb950af06,caf6ba32-f4a1-49b5-bdda-217bb950af06_0,1739539033.6871116,1739539036.6736004,1739539038.152524,4.465412378311157,7.281418,False
caf6ba32-f4a1-49b5-bdda-217bb950af06,caf6ba32-f4a1-49b5-bdda-217bb950af06_1,1739539033.6871116,1739539036.6736004,1739539038.152524,4.465412378311157,7.281418,False
fc77e2e8-b787-4fd7-b412-974f0056e313,fc77e2e8-b787-4fd7-b412-974f0056e313_0,1739539035.6664996,1739539036.6736004,1739539038.1523268,2.4858272075653076,17.098841,False
caf6ba32-f4a1-49b5-bdda-217bb950af06,caf6ba32-f4a1-49b5-bdda-217bb950af06_2,1739539033.6871116,1739539036.6736004,1739539038.152524,4.465412378311157,7.281418,False
004de291-288e-46f3-8a69-1cd08e76187b,004de291-288e-46f3-8a69-1cd08e76187b_1,1739539034.6928883,1739539036.6736004,1739539038.1512508,3.458362579345703,4.281418,False
004de291-288e-46f3-8a69-1cd08e76187b,004de291-288e-46f3-8a69-1cd08e76187b_2,1739539034.6928883,1739539036.6736004,1739539038.1512508,3.458362579345703,4.281418,False
04ab2b81-7db8-48a6-96ad-72a060a1deb5,04ab2b81-7db8-48a6-96ad-72a060a1deb5_0,1739539040.6717277,1739539041.6886706,1739539042.850355,2.1786272525787354,19.098841,False
a249c265-999e-4c5f-a750-b3cc0c9a9e15,a249c265-999e-4c5f-a750-b3cc0c9a9e15_0,1739539039.667141,1739539041.6886706,1739539042.8525324,3.185391426086426,1.098841,False
cfbcbd99-1401-48d8-813a-db6949050184,cfbcbd99-1401-48d8-813a-db6949050184_0,1739539037.6727428,1739539041.6886706,1739539042.8546968,5.1819539070129395,9.098841,False
77f773c9-ca42-462b-96c4-223f7fd18783,77f773c9-ca42-462b-96c4-223f7fd18783_0,1739539038.6781933,1739539041.6886706,1739539042.854736,4.17654275894165,10.374043,False
77f773c9-ca42-462b-96c4-223f7fd18783,77f773c9-ca42-462b-96c4-223f7fd18783_1,1739539038.6781933,1739539041.6886706,1739539042.854736,4.17654275894165,10.374043,False
77f773c9-ca42-462b-96c4-223f7fd18783,77f773c9-ca42-462b-96c4-223f7fd18783_2,1739539038.6781933,1739539041.6886706,1739539042.854736,4.17654275894165,10.374043,False
77f773c9-ca42-462b-96c4-223f7fd18783,77f773c9-ca42-462b-96c4-223f7fd18783_3,1739539038.6781933,1739539041.6886706,1739539042.854736,4.17654275894165,10.374043,False
291aed15-b7f4-4e09-aa36-fd840012c205,291aed15-b7f4-4e09-aa36-fd840012c205_0,1739539041.6854327,1739539041.6886706,1739539046.0020547,4.316622018814087,4.190029,False
291aed15-b7f4-4e09-aa36-fd840012c205,291aed15-b7f4-4e09-aa36-fd840012c205_1,1739539041.6854327,1739539044.6863546,1739539046.0020547,4.316622018814087,4.190029,False
29121dfa-88aa-44d5-bf08-b74f66bfde62,29121dfa-88aa-44d5-bf08-b74f66bfde62_0,1739539043.6703143,1739539044.6863546,1739539046.0038035,2.333489179611206,19.190029,False
29121dfa-88aa-44d5-bf08-b74f66bfde62,29121dfa-88aa-44d5-bf08-b74f66bfde62_1,1739539043.6703143,1739539044.6863546,1739539046.0038035,2.333489179611206,19.190029,False
dd564d8c-aa19-41ad-9828-7486434795e8,dd564d8c-aa19-41ad-9828-7486434795e8_0,1739539042.6754155,1739539044.6863546,1739539046.0085886,3.3331730365753174,14.281418,False
dd564d8c-aa19-41ad-9828-7486434795e8,dd564d8c-aa19-41ad-9828-7486434795e8_1,1739539042.6754155,1739539044.6863546,1739539046.0085886,3.3331730365753174,14.281418,False
dd564d8c-aa19-41ad-9828-7486434795e8,dd564d8c-aa19-41ad-9828-7486434795e8_2,1739539042.6754155,1739539044.6863546,1739539046.0085886,3.3331730365753174,14.281418,False
d3e728dd-3db2-4ce8-a44b-f5d61add93e6,d3e728dd-3db2-4ce8-a44b-f5d61add93e6_0,1739539044.6826677,1739539044.6863546,1739539049.0263622,4.343694448471069,16.374043,False
d3e728dd-3db2-4ce8-a44b-f5d61add93e6,d3e728dd-3db2-4ce8-a44b-f5d61add93e6_1,1739539044.6826677,1739539044.6863546,1739539049.0263622,4.343694448471069,16.374043,False
d3e728dd-3db2-4ce8-a44b-f5d61add93e6,d3e728dd-3db2-4ce8-a44b-f5d61add93e6_2,1739539044.6826677,1739539047.667355,1739539049.0263622,4.343694448471069,16.374043,False
c588039e-718c-4978-a306-ca9d4f001ada,c588039e-718c-4978-a306-ca9d4f001ada_0,1739539046.690189,1739539047.667355,1739539049.026729,2.3365402221679688,5.374043,False
d3e728dd-3db2-4ce8-a44b-f5d61add93e6,d3e728dd-3db2-4ce8-a44b-f5d61add93e6_3,1739539044.6826677,1739539047.667355,1739539049.0263622,4.343694448471069,16.374043,False
c588039e-718c-4978-a306-ca9d4f001ada,c588039e-718c-4978-a306-ca9d4f001ada_1,1739539046.690189,1739539047.667355,1739539049.026729,2.3365402221679688,5.374043,False
c588039e-718c-4978-a306-ca9d4f001ada,c588039e-718c-4978-a306-ca9d4f001ada_2,1739539046.690189,1739539047.667355,1739539049.026729,2.3365402221679688,5.374043,False
c588039e-718c-4978-a306-ca9d4f001ada,c588039e-718c-4978-a306-ca9d4f001ada_3,1739539046.690189,1739539047.667355,1739539049.026729,2.3365402221679688,5.374043,False
29e1609d-2422-4146-884f-6c56fb7b1e4e,29e1609d-2422-4146-884f-6c56fb7b1e4e_0,1739539045.6696877,1739539047.667355,1739539049.0338056,3.3641178607940674,2.098841,False
622df674-2623-4802-84c9-4a768f4f06f9,622df674-2623-4802-84c9-4a768f4f06f9_0,1739539048.6703403,1739539051.6657236,1739539052.7520826,4.081742286682129,6.098841,False
8f695246-e73d-45c6-8e5b-09c0f6f9addd,8f695246-e73d-45c6-8e5b-09c0f6f9addd_0,1739539049.6801488,1739539051.6657236,1739539052.755004,3.074855089187622,20.281418,False
ed5bf7a8-0646-444a-929a-10c4824f404f,ed5bf7a8-0646-444a-929a-10c4824f404f_0,1739539050.6668403,1739539051.6657236,1739539052.755569,2.088728666305542,5.098841,False
e312dd00-432b-441b-a4b1-3506f7f3c424,e312dd00-432b-441b-a4b1-3506f7f3c424_0,1739539047.6650846,1739539047.667355,1739539052.7557275,5.090642929077148,16.190029,False
8f695246-e73d-45c6-8e5b-09c0f6f9addd,8f695246-e73d-45c6-8e5b-09c0f6f9addd_1,1739539049.6801488,1739539051.6657236,1739539052.755004,3.074855089187622,20.281418,False
aca96f3d-c802-4df3-89d6-8b424e27faf0,aca96f3d-c802-4df3-89d6-8b424e27faf0_0,1739539051.663093,1739539051.6657236,1739539052.7573833,1.0942902565002441,15.190029,False
e312dd00-432b-441b-a4b1-3506f7f3c424,e312dd00-432b-441b-a4b1-3506f7f3c424_1,1739539047.6650846,1739539051.6657236,1739539052.7557275,5.090642929077148,16.190029,False
8f695246-e73d-45c6-8e5b-09c0f6f9addd,8f695246-e73d-45c6-8e5b-09c0f6f9addd_2,1739539049.6801488,1739539051.6657236,1739539052.755004,3.074855089187622,20.281418,False
aca96f3d-c802-4df3-89d6-8b424e27faf0,aca96f3d-c802-4df3-89d6-8b424e27faf0_1,1739539051.663093,1739539051.6657236,1739539052.7573833,1.0942902565002441,15.190029,False
dbb1c9e1-87d6-44f7-8def-23acbd13582f,dbb1c9e1-87d6-44f7-8def-23acbd13582f_0,1739539052.679595,1739539055.680597,1739539056.773502,4.093907117843628,6.098841,False
f61e4826-cd3c-4d69-89f5-05b10d5dfc72,f61e4826-cd3c-4d69-89f5-05b10d5dfc72_0,1739539054.6708565,1739539055.680597,1739539056.7775073,2.1066508293151855,20.190029,False
f61e4826-cd3c-4d69-89f5-05b10d5dfc72,f61e4826-cd3c-4d69-89f5-05b10d5dfc72_1,1739539054.6708565,1739539055.680597,1739539056.7775073,2.1066508293151855,20.190029,False
5a11637e-90c3-44a0-8ba4-95fe4962139b,5a11637e-90c3-44a0-8ba4-95fe4962139b_0,1739539053.673519,1739539055.680597,1739539056.7803884,3.1068694591522217,5.281418,False
5a11637e-90c3-44a0-8ba4-95fe4962139b,5a11637e-90c3-44a0-8ba4-95fe4962139b_1,1739539053.673519,1739539055.680597,1739539056.7803884,3.1068694591522217,5.281418,False
5a11637e-90c3-44a0-8ba4-95fe4962139b,5a11637e-90c3-44a0-8ba4-95fe4962139b_2,1739539053.673519,1739539055.680597,1739539056.7803884,3.1068694591522217,5.281418,False
239d94fd-cdec-4719-9ff7-3eb6a059bdd8,239d94fd-cdec-4719-9ff7-3eb6a059bdd8_0,1739539056.667131,1739539060.6747632,1739539062.0683525,5.401221513748169,7.098841,False
1521a044-5bac-41ee-a8ef-d37bb2938d80,1521a044-5bac-41ee-a8ef-d37bb2938d80_0,1739539059.6905415,1739539060.6747632,1739539062.0708728,2.38033127784729,19.281418,False
1521a044-5bac-41ee-a8ef-d37bb2938d80,1521a044-5bac-41ee-a8ef-d37bb2938d80_1,1739539059.6905415,1739539060.6747632,1739539062.0708728,2.38033127784729,19.281418,False
01597c0e-a874-432d-986d-09d59fda3a4c,01597c0e-a874-432d-986d-09d59fda3a4c_0,1739539057.6683595,1739539060.6747632,1739539062.071699,4.403339385986328,7.098841,False
1521a044-5bac-41ee-a8ef-d37bb2938d80,1521a044-5bac-41ee-a8ef-d37bb2938d80_2,1739539059.6905415,1739539060.6747632,1739539062.0708728,2.38033127784729,19.281418,False
1b9e7b3c-c848-4a6d-94bf-dcf484e65033,1b9e7b3c-c848-4a6d-94bf-dcf484e65033_0,1739539055.6777797,1739539055.680597,1739539062.0743747,6.396595001220703,12.281418,False
9dd1f718-5aea-4e44-a3ed-324a0b82d210,9dd1f718-5aea-4e44-a3ed-324a0b82d210_0,1739539058.6665902,1739539060.6747632,1739539062.0767593,3.4101691246032715,19.098841,False
1b9e7b3c-c848-4a6d-94bf-dcf484e65033,1b9e7b3c-c848-4a6d-94bf-dcf484e65033_1,1739539055.6777797,1739539055.680597,1739539062.0743747,6.396595001220703,12.281418,False
1b9e7b3c-c848-4a6d-94bf-dcf484e65033,1b9e7b3c-c848-4a6d-94bf-dcf484e65033_2,1739539055.6777797,1739539060.6747632,1739539062.0743747,6.396595001220703,12.281418,False
3e8b5256-c1b1-4072-8161-f73f0bf7af58,3e8b5256-c1b1-4072-8161-f73f0bf7af58_0,1739539060.673135,1739539060.6747632,1739539065.7301474,5.057012319564819,18.281418,False
3e8b5256-c1b1-4072-8161-f73f0bf7af58,3e8b5256-c1b1-4072-8161-f73f0bf7af58_1,1739539060.673135,1739539064.670706,1739539065.7301474,5.057012319564819,18.281418,False
3e8b5256-c1b1-4072-8161-f73f0bf7af58,3e8b5256-c1b1-4072-8161-f73f0bf7af58_2,1739539060.673135,1739539064.670706,1739539065.7301474,5.057012319564819,18.281418,False
760953da-a67a-487f-a6d0-ae2f61bb96ea,760953da-a67a-487f-a6d0-ae2f61bb96ea_0,1739539061.6813314,1739539064.670706,1739539065.7325442,4.051212787628174,5.281418,False
760953da-a67a-487f-a6d0-ae2f61bb96ea,760953da-a67a-487f-a6d0-ae2f61bb96ea_1,1739539061.6813314,1739539064.670706,1739539065.7325442,4.051212787628174,5.281418,False
760953da-a67a-487f-a6d0-ae2f61bb96ea,760953da-a67a-487f-a6d0-ae2f61bb96ea_2,1739539061.6813314,1739539064.670706,1739539065.7325442,4.051212787628174,5.281418,False
a8cff061-f21c-4bc0-9124-b9ce4d42f1b8,a8cff061-f21c-4bc0-9124-b9ce4d42f1b8_0,1739539063.6696188,1739539064.670706,1739539065.7392857,2.069666862487793,16.098841,False
53163439-2964-48c3-9c26-3055484efd04,53163439-2964-48c3-9c26-3055484efd04_0,1739539064.6684718,1739539064.670706,1739539065.7391183,1.0706465244293213,15.098841,False
868709b6-4b64-4a91-855f-82832207526f,868709b6-4b64-4a91-855f-82832207526f_0,1739539062.6685565,1739539064.670706,1739539065.7391827,3.0706262588500977,9.098841,False
28586330-4985-41d9-8e54-6362d7a21975,28586330-4985-41d9-8e54-6362d7a21975_0,1739539066.6679413,1739539068.677026,1739539069.8160229,3.1480815410614014,11.098841,False
bc2f4f26-cb68-478d-8a21-c70edd9b92c6,bc2f4f26-cb68-478d-8a21-c70edd9b92c6_0,1739539065.678704,1739539068.677026,1739539069.8187048,4.140000820159912,6.098841,False
52a443b8-350f-4fa8-b60a-50d208206c90,52a443b8-350f-4fa8-b60a-50d208206c90_0,1739539067.6901472,1739539068.677026,1739539069.8242383,2.1340911388397217,14.374043,False
52a443b8-350f-4fa8-b60a-50d208206c90,52a443b8-350f-4fa8-b60a-50d208206c90_1,1739539067.6901472,1739539068.677026,1739539069.8242383,2.1340911388397217,14.374043,False
52a443b8-350f-4fa8-b60a-50d208206c90,52a443b8-350f-4fa8-b60a-50d208206c90_2,1739539067.6901472,1739539068.677026,1739539069.8242383,2.1340911388397217,14.374043,False
52a443b8-350f-4fa8-b60a-50d208206c90,52a443b8-350f-4fa8-b60a-50d208206c90_3,1739539067.6901472,1739539068.677026,1739539069.8242383,2.1340911388397217,14.374043,False
0ee9dd40-febc-4d6e-9e96-4228ac72c71a,0ee9dd40-febc-4d6e-9e96-4228ac72c71a_0,1739539071.6708472,1739539072.6723542,1739539073.702198,2.03135085105896,9.281418,False
36ead9f5-64ba-4e89-bbea-28bf674badee,36ead9f5-64ba-4e89-bbea-28bf674badee_0,1739539068.6745443,1739539068.677026,1739539073.7025483,5.028003931045532,19.374043,False
0ee9dd40-febc-4d6e-9e96-4228ac72c71a,0ee9dd40-febc-4d6e-9e96-4228ac72c71a_1,1739539071.6708472,1739539072.6723542,1739539073.702198,2.03135085105896,9.281418,False
0ee9dd40-febc-4d6e-9e96-4228ac72c71a,0ee9dd40-febc-4d6e-9e96-4228ac72c71a_2,1739539071.6708472,1739539072.6723542,1739539073.702198,2.03135085105896,9.281418,False
36ead9f5-64ba-4e89-bbea-28bf674badee,36ead9f5-64ba-4e89-bbea-28bf674badee_1,1739539068.6745443,1739539068.677026,1739539073.7025483,5.028003931045532,19.374043,False
36ead9f5-64ba-4e89-bbea-28bf674badee,36ead9f5-64ba-4e89-bbea-28bf674badee_2,1739539068.6745443,1739539072.6723542,1739539073.7025483,5.028003931045532,19.374043,False
36ead9f5-64ba-4e89-bbea-28bf674badee,36ead9f5-64ba-4e89-bbea-28bf674badee_3,1739539068.6745443,1739539072.6723542,1739539073.7025483,5.028003931045532,19.374043,False
f523fadd-5377-4112-bbd2-b8ef78346a7c,f523fadd-5377-4112-bbd2-b8ef78346a7c_0,1739539070.6669173,1739539072.6723542,1739539073.7076669,3.0407495498657227,13.098841,False
bbca5aa2-1530-4ba2-bf5f-b0e0d5e5a047,bbca5aa2-1530-4ba2-bf5f-b0e0d5e5a047_0,1739539069.6697667,1739539072.6723542,1739539073.7080517,4.03828501701355,17.098841,False
1491f014-25f9-4521-a4af-7284182cd153,1491f014-25f9-4521-a4af-7284182cd153_0,1739539072.6708958,1739539072.6723542,1739539078.0934472,5.422551393508911,13.190029,False
1491f014-25f9-4521-a4af-7284182cd153,1491f014-25f9-4521-a4af-7284182cd153_1,1739539072.6708958,1739539076.6737535,1739539078.0934472,5.422551393508911,13.190029,False
0beed91d-23ef-45b5-8f44-454806c4374d,0beed91d-23ef-45b5-8f44-454806c4374d_0,1739539073.663265,1739539076.6737535,1739539078.0964544,4.433189392089844,1.098841,False
82d18bec-2e93-4746-9fe1-de49c7a16037,82d18bec-2e93-4746-9fe1-de49c7a16037_0,1739539075.6628294,1739539076.6737535,1739539078.0945108,2.4316813945770264,13.190029,False
de5c4f81-e39c-4527-99e6-299b71ba7737,de5c4f81-e39c-4527-99e6-299b71ba7737_0,1739539074.694006,1739539076.6737535,1739539078.100753,3.4067471027374268,17.281418,False
82d18bec-2e93-4746-9fe1-de49c7a16037,82d18bec-2e93-4746-9fe1-de49c7a16037_1,1739539075.6628294,1739539076.6737535,1739539078.0945108,2.4316813945770264,13.190029,False
de5c4f81-e39c-4527-99e6-299b71ba7737,de5c4f81-e39c-4527-99e6-299b71ba7737_1,1739539074.694006,1739539076.6737535,1739539078.100753,3.4067471027374268,17.281418,False
de5c4f81-e39c-4527-99e6-299b71ba7737,de5c4f81-e39c-4527-99e6-299b71ba7737_2,1739539074.694006,1739539076.6737535,1739539078.100753,3.4067471027374268,17.281418,False
81ef8318-756a-4f3e-a613-cad25fe29615,81ef8318-756a-4f3e-a613-cad25fe29615_0,1739539078.6681378,1739539079.6865568,1739539081.0951638,2.4270260334014893,16.098841,False
dda6eb03-c06f-430d-8fda-815e05ab7666,dda6eb03-c06f-430d-8fda-815e05ab7666_0,1739539076.670683,1739539076.6737535,1739539081.0955236,4.424840688705444,1.190029,False
dda6eb03-c06f-430d-8fda-815e05ab7666,dda6eb03-c06f-430d-8fda-815e05ab7666_1,1739539076.670683,1739539079.6865568,1739539081.0955236,4.424840688705444,1.190029,False
f624b721-8652-458b-8ae9-04e3ffb7d3c3,f624b721-8652-458b-8ae9-04e3ffb7d3c3_0,1739539077.6968968,1739539079.6865568,1739539081.1021016,3.4052047729492188,14.374043,False
f624b721-8652-458b-8ae9-04e3ffb7d3c3,f624b721-8652-458b-8ae9-04e3ffb7d3c3_1,1739539077.6968968,1739539079.6865568,1739539081.1021016,3.4052047729492188,14.374043,False
f624b721-8652-458b-8ae9-04e3ffb7d3c3,f624b721-8652-458b-8ae9-04e3ffb7d3c3_2,1739539077.6968968,1739539079.6865568,1739539081.1021016,3.4052047729492188,14.374043,False
f624b721-8652-458b-8ae9-04e3ffb7d3c3,f624b721-8652-458b-8ae9-04e3ffb7d3c3_3,1739539077.6968968,1739539079.6865568,1739539081.1021016,3.4052047729492188,14.374043,False
e1c41003-0574-4ab4-9c3a-5e9b34c41271,e1c41003-0574-4ab4-9c3a-5e9b34c41271_0,1739539079.681664,1739539079.6865568,1739539084.7732072,5.091543197631836,2.281418,False
e1c41003-0574-4ab4-9c3a-5e9b34c41271,e1c41003-0574-4ab4-9c3a-5e9b34c41271_1,1739539079.681664,1739539079.6865568,1739539084.7732072,5.091543197631836,2.281418,False
e1c41003-0574-4ab4-9c3a-5e9b34c41271,e1c41003-0574-4ab4-9c3a-5e9b34c41271_2,1739539079.681664,1739539083.6672838,1739539084.7732072,5.091543197631836,2.281418,False
36cb7bc7-6518-4d70-a70b-34a570baca61,36cb7bc7-6518-4d70-a70b-34a570baca61_0,1739539082.6876996,1739539083.6672838,1739539084.7914689,2.103769302368164,20.281418,False
36cb7bc7-6518-4d70-a70b-34a570baca61,36cb7bc7-6518-4d70-a70b-34a570baca61_1,1739539082.6876996,1739539083.6672838,1739539084.7914689,2.103769302368164,20.281418,False
36cb7bc7-6518-4d70-a70b-34a570baca61,36cb7bc7-6518-4d70-a70b-34a570baca61_2,1739539082.6876996,1739539083.6672838,1739539084.7914689,2.103769302368164,20.281418,False
6d4c8f18-ec47-4eb2-ab65-64b314e7a54c,6d4c8f18-ec47-4eb2-ab65-64b314e7a54c_0,1739539080.6673903,1739539083.6672838,1739539084.7949207,4.127530336380005,14.098841,False
a3124a71-d4c7-4b8a-b8d5-89512989cccf,a3124a71-d4c7-4b8a-b8d5-89512989cccf_0,1739539081.6700594,1739539083.6672838,1739539084.7952564,3.125196933746338,10.190029,False
9ed29920-952b-463d-9aca-712096403553,9ed29920-952b-463d-9aca-712096403553_0,1739539083.6661499,1739539083.6672838,1739539084.7959542,1.1298043727874756,8.098841,False
a3124a71-d4c7-4b8a-b8d5-89512989cccf,a3124a71-d4c7-4b8a-b8d5-89512989cccf_1,1739539081.6700594,1739539083.6672838,1739539084.7952564,3.125196933746338,10.190029,False
640ce087-5d1f-49f6-a3bb-4633b26d8b34,640ce087-5d1f-49f6-a3bb-4633b26d8b34_0,1739539084.6695812,1739539087.6708093,1739539088.7760704,4.106489181518555,2.098841,False
0038d660-b01e-4a08-837c-d5f2e7b08198,0038d660-b01e-4a08-837c-d5f2e7b08198_0,1739539085.6707942,1739539087.6708093,1739539088.8179495,3.147155284881592,3.281418,False
0038d660-b01e-4a08-837c-d5f2e7b08198,0038d660-b01e-4a08-837c-d5f2e7b08198_1,1739539085.6707942,1739539087.6708093,1739539088.8179495,3.147155284881592,3.281418,False
c96843be-412f-40de-8bcd-68a211f67dd3,c96843be-412f-40de-8bcd-68a211f67dd3_0,1739539086.6703396,1739539087.6708093,1739539088.8180597,2.1477200984954834,17.190029,False
0038d660-b01e-4a08-837c-d5f2e7b08198,0038d660-b01e-4a08-837c-d5f2e7b08198_2,1739539085.6707942,1739539087.6708093,1739539088.8179495,3.147155284881592,3.281418,False
c96843be-412f-40de-8bcd-68a211f67dd3,c96843be-412f-40de-8bcd-68a211f67dd3_1,1739539086.6703396,1739539087.6708093,1739539088.8180597,2.1477200984954834,17.190029,False
49ea6439-c3b1-410b-97d9-90f5d8160699,49ea6439-c3b1-410b-97d9-90f5d8160699_0,1739539087.6687524,1739539087.6708093,1739539088.8311353,1.1623828411102295,3.190029,False
49ea6439-c3b1-410b-97d9-90f5d8160699,49ea6439-c3b1-410b-97d9-90f5d8160699_1,1739539087.6687524,1739539087.6708093,1739539088.8311353,1.1623828411102295,3.190029,False
4f2bdace-cc39-45c7-934e-284741d4ff15,4f2bdace-cc39-45c7-934e-284741d4ff15_0,1739539088.668669,1739539090.6772563,1739539091.7876453,3.118976354598999,2.098841,False
0bfabf90-1c1e-4ec8-801d-45dad93da43e,0bfabf90-1c1e-4ec8-801d-45dad93da43e_0,1739539089.6797535,1739539090.6772563,1739539091.7984118,2.1186583042144775,14.281418,False
0bfabf90-1c1e-4ec8-801d-45dad93da43e,0bfabf90-1c1e-4ec8-801d-45dad93da43e_1,1739539089.6797535,1739539090.6772563,1739539091.7984118,2.1186583042144775,14.281418,False
0bfabf90-1c1e-4ec8-801d-45dad93da43e,0bfabf90-1c1e-4ec8-801d-45dad93da43e_2,1739539089.6797535,1739539090.6772563,1739539091.7984118,2.1186583042144775,14.281418,False
378be42b-1465-4db2-b530-6062682444da,378be42b-1465-4db2-b530-6062682444da_0,1739539090.6739757,1739539090.6772563,1739539091.8019211,1.1279454231262207,5.374043,False
378be42b-1465-4db2-b530-6062682444da,378be42b-1465-4db2-b530-6062682444da_1,1739539090.6739757,1739539090.6772563,1739539091.8019211,1.1279454231262207,5.374043,False
378be42b-1465-4db2-b530-6062682444da,378be42b-1465-4db2-b530-6062682444da_2,1739539090.6739757,1739539090.6772563,1739539091.8019211,1.1279454231262207,5.374043,False
378be42b-1465-4db2-b530-6062682444da,378be42b-1465-4db2-b530-6062682444da_3,1739539090.6739757,1739539090.6772563,1739539091.8019211,1.1279454231262207,5.374043,False
3bfb9e86-216d-427f-a43a-3eafaf3b2bb8,3bfb9e86-216d-427f-a43a-3eafaf3b2bb8_0,1739539092.6783516,1739539092.6827848,1739539093.7739742,1.0956225395202637,14.374043,False
3bfb9e86-216d-427f-a43a-3eafaf3b2bb8,3bfb9e86-216d-427f-a43a-3eafaf3b2bb8_1,1739539092.6783516,1739539092.6827848,1739539093.7739742,1.0956225395202637,14.374043,False
3bfb9e86-216d-427f-a43a-3eafaf3b2bb8,3bfb9e86-216d-427f-a43a-3eafaf3b2bb8_2,1739539092.6783516,1739539092.6827848,1739539093.7739742,1.0956225395202637,14.374043,False
3bfb9e86-216d-427f-a43a-3eafaf3b2bb8,3bfb9e86-216d-427f-a43a-3eafaf3b2bb8_3,1739539092.6783516,1739539092.6827848,1739539093.7739742,1.0956225395202637,14.374043,False
134a7307-bacf-4c1c-9b0b-788d4b9012e0,134a7307-bacf-4c1c-9b0b-788d4b9012e0_0,1739539091.6759677,1739539092.6827848,1739539093.7781715,2.102203845977783,5.374043,False
134a7307-bacf-4c1c-9b0b-788d4b9012e0,134a7307-bacf-4c1c-9b0b-788d4b9012e0_1,1739539091.6759677,1739539092.6827848,1739539093.7781715,2.102203845977783,5.374043,False
134a7307-bacf-4c1c-9b0b-788d4b9012e0,134a7307-bacf-4c1c-9b0b-788d4b9012e0_2,1739539091.6759677,1739539092.6827848,1739539093.7781715,2.102203845977783,5.374043,False
134a7307-bacf-4c1c-9b0b-788d4b9012e0,134a7307-bacf-4c1c-9b0b-788d4b9012e0_3,1739539091.6759677,1739539092.6827848,1739539093.7781715,2.102203845977783,5.374043,False
a0c8c8ec-790b-46e1-b018-91e998068b95,a0c8c8ec-790b-46e1-b018-91e998068b95_0,1739539093.679398,1739539095.6854522,1739539096.8770287,3.1976306438446045,13.374043,False
a0c8c8ec-790b-46e1-b018-91e998068b95,a0c8c8ec-790b-46e1-b018-91e998068b95_1,1739539093.679398,1739539095.6854522,1739539096.8770287,3.1976306438446045,13.374043,False
a0c8c8ec-790b-46e1-b018-91e998068b95,a0c8c8ec-790b-46e1-b018-91e998068b95_2,1739539093.679398,1739539095.6854522,1739539096.8770287,3.1976306438446045,13.374043,False
a0c8c8ec-790b-46e1-b018-91e998068b95,a0c8c8ec-790b-46e1-b018-91e998068b95_3,1739539093.679398,1739539095.6854522,1739539096.8770287,3.1976306438446045,13.374043,False
4a26c65f-8157-4c04-9e61-8a2de0cab94f,4a26c65f-8157-4c04-9e61-8a2de0cab94f_0,1739539094.6784556,1739539095.6854522,1739539096.8850284,2.2065727710723877,6.190029,False
4a26c65f-8157-4c04-9e61-8a2de0cab94f,4a26c65f-8157-4c04-9e61-8a2de0cab94f_1,1739539094.6784556,1739539095.6854522,1739539096.8850284,2.2065727710723877,6.190029,False
8b56fd81-6eb2-4458-8b60-549ceb4154dc,8b56fd81-6eb2-4458-8b60-549ceb4154dc_0,1739539096.6666436,1739539100.675715,1739539101.8563278,5.189684152603149,20.098841,False
e0a30607-c7b9-4a7b-a702-716a5541b623,e0a30607-c7b9-4a7b-a702-716a5541b623_0,1739539097.666983,1739539100.675715,1739539101.8585043,4.191521406173706,14.098841,False
1e2c1338-6a8d-4ddd-ac8b-fc9823b566d9,1e2c1338-6a8d-4ddd-ac8b-fc9823b566d9_0,1739539098.676466,1739539100.675715,1739539101.8590913,3.1826252937316895,14.190029,False
1e2c1338-6a8d-4ddd-ac8b-fc9823b566d9,1e2c1338-6a8d-4ddd-ac8b-fc9823b566d9_1,1739539098.676466,1739539100.675715,1739539101.8590913,3.1826252937316895,14.190029,False
632c8f29-5734-48b0-b1cd-e09c453762a2,632c8f29-5734-48b0-b1cd-e09c453762a2_0,1739539095.6815188,1739539095.6854522,1739539101.8618317,6.180312871932983,15.374043,False
632c8f29-5734-48b0-b1cd-e09c453762a2,632c8f29-5734-48b0-b1cd-e09c453762a2_1,1739539095.6815188,1739539095.6854522,1739539101.8618317,6.180312871932983,15.374043,False
78a3709d-2254-4c13-86cc-af39cec53326,78a3709d-2254-4c13-86cc-af39cec53326_0,1739539099.6674986,1739539100.675715,1739539101.8626716,2.1951730251312256,18.098841,False
632c8f29-5734-48b0-b1cd-e09c453762a2,632c8f29-5734-48b0-b1cd-e09c453762a2_2,1739539095.6815188,1739539100.675715,1739539101.8618317,6.180312871932983,15.374043,False
632c8f29-5734-48b0-b1cd-e09c453762a2,632c8f29-5734-48b0-b1cd-e09c453762a2_3,1739539095.6815188,1739539100.675715,1739539101.8618317,6.180312871932983,15.374043,False
f0b6737c-1a91-4237-af5d-aca5eb20b20d,f0b6737c-1a91-4237-af5d-aca5eb20b20d_0,1739539101.6746194,1739539103.6837583,1739539104.6990714,3.024451971054077,14.190029,False
f0b6737c-1a91-4237-af5d-aca5eb20b20d,f0b6737c-1a91-4237-af5d-aca5eb20b20d_1,1739539101.6746194,1739539103.6837583,1739539104.6990714,3.024451971054077,14.190029,False
f676e55d-a6e9-492a-89d4-d426c486a9e7,f676e55d-a6e9-492a-89d4-d426c486a9e7_0,1739539102.6692753,1739539103.6837583,1739539104.7038684,2.034593105316162,8.190029,False
da6e0d77-fa41-4325-8523-0e6d5b26a121,da6e0d77-fa41-4325-8523-0e6d5b26a121_0,1739539100.6729877,1739539100.675715,1739539104.704428,4.031440258026123,12.281418,False
f676e55d-a6e9-492a-89d4-d426c486a9e7,f676e55d-a6e9-492a-89d4-d426c486a9e7_1,1739539102.6692753,1739539103.6837583,1739539104.7038684,2.034593105316162,8.190029,False
da6e0d77-fa41-4325-8523-0e6d5b26a121,da6e0d77-fa41-4325-8523-0e6d5b26a121_1,1739539100.6729877,1739539103.6837583,1739539104.704428,4.031440258026123,12.281418,False
da6e0d77-fa41-4325-8523-0e6d5b26a121,da6e0d77-fa41-4325-8523-0e6d5b26a121_2,1739539100.6729877,1739539103.6837583,1739539104.704428,4.031440258026123,12.281418,False
d11ac398-de3c-4724-8ab5-cc23a7791cd6,d11ac398-de3c-4724-8ab5-cc23a7791cd6_0,1739539103.6813803,1739539103.6837583,1739539107.3245542,3.643173933029175,4.281418,False
d11ac398-de3c-4724-8ab5-cc23a7791cd6,d11ac398-de3c-4724-8ab5-cc23a7791cd6_1,1739539103.6813803,1739539103.6837583,1739539107.3245542,3.643173933029175,4.281418,False
d11ac398-de3c-4724-8ab5-cc23a7791cd6,d11ac398-de3c-4724-8ab5-cc23a7791cd6_2,1739539103.6813803,1739539105.8764093,1739539107.3245542,3.643173933029175,4.281418,False
49f185a7-710b-44e7-a790-82f53bd93498,49f185a7-710b-44e7-a790-82f53bd93498_0,1739539104.674441,1739539105.8764093,1739539107.3286543,2.6542131900787354,9.098841,False
119f4b5d-19ad-4e89-bb49-deff18033c37,119f4b5d-19ad-4e89-bb49-deff18033c37_0,1739539105.6727765,1739539105.8764093,1739539107.3350573,1.662280797958374,19.281418,False
119f4b5d-19ad-4e89-bb49-deff18033c37,119f4b5d-19ad-4e89-bb49-deff18033c37_1,1739539105.6727765,1739539105.8764093,1739539107.3350573,1.662280797958374,19.281418,False
119f4b5d-19ad-4e89-bb49-deff18033c37,119f4b5d-19ad-4e89-bb49-deff18033c37_2,1739539105.6727765,1739539105.8764093,1739539107.3350573,1.662280797958374,19.281418,False
16690f04-8299-459d-a7a6-65bcc9f12331,16690f04-8299-459d-a7a6-65bcc9f12331_0,1739539105.8635616,1739539105.8764093,1739539108.5364437,2.672882080078125,19.752793,False
16690f04-8299-459d-a7a6-65bcc9f12331,16690f04-8299-459d-a7a6-65bcc9f12331_1,1739539105.8635616,1739539105.8764093,1739539108.5364437,2.672882080078125,19.752793,False
16690f04-8299-459d-a7a6-65bcc9f12331,16690f04-8299-459d-a7a6-65bcc9f12331_2,1739539105.8635616,1739539105.8764093,1739539108.5364437,2.672882080078125,19.752793,False
16690f04-8299-459d-a7a6-65bcc9f12331,16690f04-8299-459d-a7a6-65bcc9f12331_3,1739539105.8635616,1739539105.9869072,1739539108.5364437,2.672882080078125,19.752793,False
16690f04-8299-459d-a7a6-65bcc9f12331,16690f04-8299-459d-a7a6-65bcc9f12331_4,1739539105.8635616,1739539105.9869072,1739539108.5364437,2.672882080078125,19.752793,False
16690f04-8299-459d-a7a6-65bcc9f12331,16690f04-8299-459d-a7a6-65bcc9f12331_5,1739539105.8635616,1739539105.9869072,1739539108.5364437,2.672882080078125,19.752793,False
16690f04-8299-459d-a7a6-65bcc9f12331,16690f04-8299-459d-a7a6-65bcc9f12331_6,1739539105.8635616,1739539105.9869072,1739539108.5364437,2.672882080078125,19.752793,False
16690f04-8299-459d-a7a6-65bcc9f12331,16690f04-8299-459d-a7a6-65bcc9f12331_7,1739539105.8635616,1739539105.9869072,1739539108.5364437,2.672882080078125,19.752793,False
16690f04-8299-459d-a7a6-65bcc9f12331,16690f04-8299-459d-a7a6-65bcc9f12331_8,1739539105.8635616,1739539105.9869072,1739539108.5364437,2.672882080078125,19.752793,False
16690f04-8299-459d-a7a6-65bcc9f12331,16690f04-8299-459d-a7a6-65bcc9f12331_9,1739539105.8635616,1739539105.9869072,1739539108.5364437,2.672882080078125,19.752793,False
16690f04-8299-459d-a7a6-65bcc9f12331,16690f04-8299-459d-a7a6-65bcc9f12331_10,1739539105.8635616,1739539105.9869072,1739539108.5364437,2.672882080078125,19.752793,False
16690f04-8299-459d-a7a6-65bcc9f12331,16690f04-8299-459d-a7a6-65bcc9f12331_11,1739539105.8635616,1739539106.1381617,1739539108.5364437,2.672882080078125,19.752793,False
16690f04-8299-459d-a7a6-65bcc9f12331,16690f04-8299-459d-a7a6-65bcc9f12331_12,1739539105.8635616,1739539106.1381617,1739539108.5364437,2.672882080078125,19.752793,False
16690f04-8299-459d-a7a6-65bcc9f12331,16690f04-8299-459d-a7a6-65bcc9f12331_13,1739539105.8635616,1739539106.1381617,1739539108.5364437,2.672882080078125,19.752793,False
16690f04-8299-459d-a7a6-65bcc9f12331,16690f04-8299-459d-a7a6-65bcc9f12331_14,1739539105.8635616,1739539106.1381617,1739539108.5364437,2.672882080078125,19.752793,False
16690f04-8299-459d-a7a6-65bcc9f12331,16690f04-8299-459d-a7a6-65bcc9f12331_15,1739539105.8635616,1739539106.1381617,1739539108.5364437,2.672882080078125,19.752793,False
16690f04-8299-459d-a7a6-65bcc9f12331,16690f04-8299-459d-a7a6-65bcc9f12331_16,1739539105.8635616,1739539106.1381617,1739539108.5364437,2.672882080078125,19.752793,False
16690f04-8299-459d-a7a6-65bcc9f12331,16690f04-8299-459d-a7a6-65bcc9f12331_17,1739539105.8635616,1739539106.1381617,1739539108.5364437,2.672882080078125,19.752793,False
16690f04-8299-459d-a7a6-65bcc9f12331,16690f04-8299-459d-a7a6-65bcc9f12331_18,1739539105.8635616,1739539106.1381617,1739539108.5364437,2.672882080078125,19.752793,False
16da2b3d-ee4e-4539-81f4-7efdb09903c2,16da2b3d-ee4e-4539-81f4-7efdb09903c2_0,1739539106.680341,1739539108.6746228,1739539109.758705,3.0783638954162598,17.374043,False
16da2b3d-ee4e-4539-81f4-7efdb09903c2,16da2b3d-ee4e-4539-81f4-7efdb09903c2_1,1739539106.680341,1739539108.6746228,1739539109.758705,3.0783638954162598,17.374043,False
16da2b3d-ee4e-4539-81f4-7efdb09903c2,16da2b3d-ee4e-4539-81f4-7efdb09903c2_2,1739539106.680341,1739539108.6746228,1739539109.758705,3.0783638954162598,17.374043,False
16da2b3d-ee4e-4539-81f4-7efdb09903c2,16da2b3d-ee4e-4539-81f4-7efdb09903c2_3,1739539106.680341,1739539108.6746228,1739539109.758705,3.0783638954162598,17.374043,False
99bb6ed5-8c59-49d5-9960-0b6ed030230a,99bb6ed5-8c59-49d5-9960-0b6ed030230a_0,1739539107.6683517,1739539108.6746228,1739539109.761696,2.0933444499969482,8.190029,False
99bb6ed5-8c59-49d5-9960-0b6ed030230a,99bb6ed5-8c59-49d5-9960-0b6ed030230a_1,1739539107.6683517,1739539108.6746228,1739539109.761696,2.0933444499969482,8.190029,False
34de4739-7850-45cd-9b1c-9d3a215d1c31,34de4739-7850-45cd-9b1c-9d3a215d1c31_0,1739539108.671652,1739539108.6746228,1739539112.0179057,3.3462536334991455,13.281418,False
34de4739-7850-45cd-9b1c-9d3a215d1c31,34de4739-7850-45cd-9b1c-9d3a215d1c31_1,1739539108.671652,1739539108.6746228,1739539112.0179057,3.3462536334991455,13.281418,False
34de4739-7850-45cd-9b1c-9d3a215d1c31,34de4739-7850-45cd-9b1c-9d3a215d1c31_2,1739539108.671652,1739539110.6750064,1739539112.0179057,3.3462536334991455,13.281418,False
0a283a2b-265c-423f-b554-db11d14b99e4,0a283a2b-265c-423f-b554-db11d14b99e4_0,1739539109.6724658,1739539110.6750064,1739539112.0202477,2.3477818965911865,11.374043,False
e259f22f-7826-4d60-b4b5-6cbdc9919469,e259f22f-7826-4d60-b4b5-6cbdc9919469_0,1739539110.6712341,1739539110.6750064,1739539112.0203936,1.3491594791412354,11.281418,False
e259f22f-7826-4d60-b4b5-6cbdc9919469,e259f22f-7826-4d60-b4b5-6cbdc9919469_1,1739539110.6712341,1739539110.6750064,1739539112.0203936,1.3491594791412354,11.281418,False
e259f22f-7826-4d60-b4b5-6cbdc9919469,e259f22f-7826-4d60-b4b5-6cbdc9919469_2,1739539110.6712341,1739539110.6750064,1739539112.0203936,1.3491594791412354,11.281418,False
0a283a2b-265c-423f-b554-db11d14b99e4,0a283a2b-265c-423f-b554-db11d14b99e4_1,1739539109.6724658,1739539110.6750064,1739539112.0202477,2.3477818965911865,11.374043,False
0a283a2b-265c-423f-b554-db11d14b99e4,0a283a2b-265c-423f-b554-db11d14b99e4_2,1739539109.6724658,1739539110.6750064,1739539112.0202477,2.3477818965911865,11.374043,False
0a283a2b-265c-423f-b554-db11d14b99e4,0a283a2b-265c-423f-b554-db11d14b99e4_3,1739539109.6724658,1739539110.6750064,1739539112.0202477,2.3477818965911865,11.374043,False
877d1476-1190-46e3-aaeb-6dd993da2500,877d1476-1190-46e3-aaeb-6dd993da2500_0,1739539110.7117069,1739539110.7873213,1739539112.4673643,1.755657434463501,11.741029,False
877d1476-1190-46e3-aaeb-6dd993da2500,877d1476-1190-46e3-aaeb-6dd993da2500_1,1739539110.7117069,1739539110.7873213,1739539112.4673643,1.755657434463501,11.741029,False
877d1476-1190-46e3-aaeb-6dd993da2500,877d1476-1190-46e3-aaeb-6dd993da2500_2,1739539110.7117069,1739539110.7873213,1739539112.4673643,1.755657434463501,11.741029,False
877d1476-1190-46e3-aaeb-6dd993da2500,877d1476-1190-46e3-aaeb-6dd993da2500_3,1739539110.7117069,1739539110.7873213,1739539112.4673643,1.755657434463501,11.741029,False
877d1476-1190-46e3-aaeb-6dd993da2500,877d1476-1190-46e3-aaeb-6dd993da2500_4,1739539110.7117069,1739539110.7873213,1739539112.4673643,1.755657434463501,11.741029,False
877d1476-1190-46e3-aaeb-6dd993da2500,877d1476-1190-46e3-aaeb-6dd993da2500_5,1739539110.7117069,1739539110.7873213,1739539112.4673643,1.755657434463501,11.741029,False
877d1476-1190-46e3-aaeb-6dd993da2500,877d1476-1190-46e3-aaeb-6dd993da2500_6,1739539110.7117069,1739539110.7873213,1739539112.4673643,1.755657434463501,11.741029,False
877d1476-1190-46e3-aaeb-6dd993da2500,877d1476-1190-46e3-aaeb-6dd993da2500_7,1739539110.7117069,1739539110.7873213,1739539112.4673643,1.755657434463501,11.741029,False
a454cd9a-813f-4b69-b8f0-3995506b5f32,a454cd9a-813f-4b69-b8f0-3995506b5f32_0,1739539114.6674764,1739539115.6742043,1739539116.765235,2.0977585315704346,5.098841,False
d92292a2-4c69-400b-ba7f-3292848b9194,d92292a2-4c69-400b-ba7f-3292848b9194_0,1739539112.6702604,1739539115.6742043,1739539116.765599,4.095338582992554,3.281418,False
d92292a2-4c69-400b-ba7f-3292848b9194,d92292a2-4c69-400b-ba7f-3292848b9194_1,1739539112.6702604,1739539115.6742043,1739539116.765599,4.095338582992554,3.281418,False
d92292a2-4c69-400b-ba7f-3292848b9194,d92292a2-4c69-400b-ba7f-3292848b9194_2,1739539112.6702604,1739539115.6742043,1739539116.765599,4.095338582992554,3.281418,False
1098ab5f-ebd9-4710-aac9-f93c4220aff5,1098ab5f-ebd9-4710-aac9-f93c4220aff5_0,1739539111.6790109,1739539115.6742043,1739539116.7716093,5.0925984382629395,14.098841,False
ae335bc6-025d-4671-91a2-39c1e85c685b,ae335bc6-025d-4671-91a2-39c1e85c685b_0,1739539113.6684444,1739539115.6742043,1739539116.7746584,3.1062140464782715,10.190029,False
ae335bc6-025d-4671-91a2-39c1e85c685b,ae335bc6-025d-4671-91a2-39c1e85c685b_1,1739539113.6684444,1739539115.6742043,1739539116.7746584,3.1062140464782715,10.190029,False
d9e381e4-523b-43eb-a9aa-3d75c50b135c,d9e381e4-523b-43eb-a9aa-3d75c50b135c_0,1739539115.6726413,1739539115.6742043,1739539117.4472425,1.7746012210845947,20.374043,False
d9e381e4-523b-43eb-a9aa-3d75c50b135c,d9e381e4-523b-43eb-a9aa-3d75c50b135c_1,1739539115.6726413,1739539115.7899485,1739539117.4472425,1.7746012210845947,20.374043,False
d9e381e4-523b-43eb-a9aa-3d75c50b135c,d9e381e4-523b-43eb-a9aa-3d75c50b135c_2,1739539115.6726413,1739539115.7899485,1739539117.4472425,1.7746012210845947,20.374043,False
d9e381e4-523b-43eb-a9aa-3d75c50b135c,d9e381e4-523b-43eb-a9aa-3d75c50b135c_3,1739539115.6726413,1739539115.7899485,1739539117.4472425,1.7746012210845947,20.374043,False
e5738496-a835-4d75-aec6-0370cbb36ace,e5738496-a835-4d75-aec6-0370cbb36ace_0,1739539117.6669347,1739539118.6933143,1739539119.76315,2.09621524810791,12.098841,False
2c8215f1-bd82-456a-a3cd-a91925c6eb14,2c8215f1-bd82-456a-a3cd-a91925c6eb14_0,1739539115.7322426,1739539115.7899485,1739539119.7681677,4.0359251499176025,14.741029,False
2c8215f1-bd82-456a-a3cd-a91925c6eb14,2c8215f1-bd82-456a-a3cd-a91925c6eb14_1,1739539115.7322426,1739539115.7899485,1739539119.7681677,4.0359251499176025,14.741029,False
2c8215f1-bd82-456a-a3cd-a91925c6eb14,2c8215f1-bd82-456a-a3cd-a91925c6eb14_2,1739539115.7322426,1739539115.7899485,1739539119.7681677,4.0359251499176025,14.741029,False
2c8215f1-bd82-456a-a3cd-a91925c6eb14,2c8215f1-bd82-456a-a3cd-a91925c6eb14_3,1739539115.7322426,1739539115.7899485,1739539119.7681677,4.0359251499176025,14.741029,False
2c8215f1-bd82-456a-a3cd-a91925c6eb14,2c8215f1-bd82-456a-a3cd-a91925c6eb14_4,1739539115.7322426,1739539115.7899485,1739539119.7681677,4.0359251499176025,14.741029,False
2c8215f1-bd82-456a-a3cd-a91925c6eb14,2c8215f1-bd82-456a-a3cd-a91925c6eb14_5,1739539115.7322426,1739539118.6933143,1739539119.7681677,4.0359251499176025,14.741029,False
2c8215f1-bd82-456a-a3cd-a91925c6eb14,2c8215f1-bd82-456a-a3cd-a91925c6eb14_6,1739539115.7322426,1739539118.6933143,1739539119.7681677,4.0359251499176025,14.741029,False
2c8215f1-bd82-456a-a3cd-a91925c6eb14,2c8215f1-bd82-456a-a3cd-a91925c6eb14_7,1739539115.7322426,1739539118.6933143,1739539119.7681677,4.0359251499176025,14.741029,False
6c10a70d-06cf-43dc-8c42-e4114a5e4cd2,6c10a70d-06cf-43dc-8c42-e4114a5e4cd2_0,1739539116.6734767,1739539118.6933143,1739539119.771125,3.0976483821868896,16.098841,False
db64a3d7-def4-4891-98c9-202ea2b7f89a,db64a3d7-def4-4891-98c9-202ea2b7f89a_0,1739539120.6715097,1739539120.7350914,1739539122.140029,1.4685192108154297,4.190029,False
db64a3d7-def4-4891-98c9-202ea2b7f89a,db64a3d7-def4-4891-98c9-202ea2b7f89a_1,1739539120.6715097,1739539120.7350914,1739539122.140029,1.4685192108154297,4.190029,False
0a29bc0c-b019-4148-9627-c285ae05153f,0a29bc0c-b019-4148-9627-c285ae05153f_0,1739539118.6858027,1739539118.6933143,1739539122.1421907,3.456387996673584,11.374043,False
ebe7eda0-0893-4f3d-8588-72561b1cf7e2,ebe7eda0-0893-4f3d-8588-72561b1cf7e2_0,1739539119.6810956,1739539120.7350914,1739539122.142918,2.461822509765625,8.374043,False
0a29bc0c-b019-4148-9627-c285ae05153f,0a29bc0c-b019-4148-9627-c285ae05153f_1,1739539118.6858027,1739539118.6933143,1739539122.1421907,3.456387996673584,11.374043,False
ebe7eda0-0893-4f3d-8588-72561b1cf7e2,ebe7eda0-0893-4f3d-8588-72561b1cf7e2_1,1739539119.6810956,1739539120.7350914,1739539122.142918,2.461822509765625,8.374043,False
0a29bc0c-b019-4148-9627-c285ae05153f,0a29bc0c-b019-4148-9627-c285ae05153f_2,1739539118.6858027,1739539118.6933143,1739539122.1421907,3.456387996673584,11.374043,False
ebe7eda0-0893-4f3d-8588-72561b1cf7e2,ebe7eda0-0893-4f3d-8588-72561b1cf7e2_2,1739539119.6810956,1739539120.7350914,1739539122.142918,2.461822509765625,8.374043,False
0a29bc0c-b019-4148-9627-c285ae05153f,0a29bc0c-b019-4148-9627-c285ae05153f_3,1739539118.6858027,1739539120.7350914,1739539122.1421907,3.456387996673584,11.374043,False
ebe7eda0-0893-4f3d-8588-72561b1cf7e2,ebe7eda0-0893-4f3d-8588-72561b1cf7e2_3,1739539119.6810956,1739539120.7350914,1739539122.142918,2.461822509765625,8.374043,False
a8b6729b-dcd0-4f22-8e9b-4d4e956d51cf,a8b6729b-dcd0-4f22-8e9b-4d4e956d51cf_0,1739539121.6702018,1739539122.6715016,1739539123.8232222,2.1530203819274902,17.190029,False
a8b6729b-dcd0-4f22-8e9b-4d4e956d51cf,a8b6729b-dcd0-4f22-8e9b-4d4e956d51cf_1,1739539121.6702018,1739539122.6715016,1739539123.8232222,2.1530203819274902,17.190029,False
4495d587-24d8-419b-886f-6b9240d7f6e2,4495d587-24d8-419b-886f-6b9240d7f6e2_0,1739539120.7220364,1739539120.7350914,1739539123.824599,3.102562665939331,8.559861,False
4495d587-24d8-419b-886f-6b9240d7f6e2,4495d587-24d8-419b-886f-6b9240d7f6e2_1,1739539120.7220364,1739539122.6715016,1739539123.824599,3.102562665939331,8.559861,False
4495d587-24d8-419b-886f-6b9240d7f6e2,4495d587-24d8-419b-886f-6b9240d7f6e2_2,1739539120.7220364,1739539122.6715016,1739539123.824599,3.102562665939331,8.559861,False
4495d587-24d8-419b-886f-6b9240d7f6e2,4495d587-24d8-419b-886f-6b9240d7f6e2_3,1739539120.7220364,1739539122.6715016,1739539123.824599,3.102562665939331,8.559861,False
4495d587-24d8-419b-886f-6b9240d7f6e2,4495d587-24d8-419b-886f-6b9240d7f6e2_4,1739539120.7220364,1739539122.6715016,1739539123.824599,3.102562665939331,8.559861,False
4495d587-24d8-419b-886f-6b9240d7f6e2,4495d587-24d8-419b-886f-6b9240d7f6e2_5,1739539120.7220364,1739539122.6715016,1739539123.824599,3.102562665939331,8.559861,False
6c52ff8e-293a-4426-bd85-651ebf82c0a6,6c52ff8e-293a-4426-bd85-651ebf82c0a6_0,1739539123.6678271,1739539125.745513,1739539126.8462255,3.178398370742798,17.098841,False
5c0da2ff-a347-45dc-9ffc-6670d23c3b85,5c0da2ff-a347-45dc-9ffc-6670d23c3b85_0,1739539125.6684391,1739539125.745513,1739539126.8500073,1.1815681457519531,10.281418,False
5c0da2ff-a347-45dc-9ffc-6670d23c3b85,5c0da2ff-a347-45dc-9ffc-6670d23c3b85_1,1739539125.6684391,1739539125.745513,1739539126.8500073,1.1815681457519531,10.281418,False
5c0da2ff-a347-45dc-9ffc-6670d23c3b85,5c0da2ff-a347-45dc-9ffc-6670d23c3b85_2,1739539125.6684391,1739539125.745513,1739539126.8500073,1.1815681457519531,10.281418,False
6bf64531-76a3-4680-8fe5-a1c0c10c4dcc,6bf64531-76a3-4680-8fe5-a1c0c10c4dcc_0,1739539124.6697176,1739539125.745513,1739539126.8544261,2.184708595275879,12.098841,False
6554b37f-6d4d-4b2e-be76-b9bca0f4e847,6554b37f-6d4d-4b2e-be76-b9bca0f4e847_0,1739539122.6696303,1739539122.6715016,1739539126.8545666,4.184936285018921,12.190029,False
6554b37f-6d4d-4b2e-be76-b9bca0f4e847,6554b37f-6d4d-4b2e-be76-b9bca0f4e847_1,1739539122.6696303,1739539125.745513,1739539126.8545666,4.184936285018921,12.190029,False
4af29bee-c1d7-4316-a6ac-f09df88336e6,4af29bee-c1d7-4316-a6ac-f09df88336e6_0,1739539126.6808548,1739539127.6721277,1739539128.7882967,2.1074419021606445,7.374043,False
4af29bee-c1d7-4316-a6ac-f09df88336e6,4af29bee-c1d7-4316-a6ac-f09df88336e6_1,1739539126.6808548,1739539127.6721277,1739539128.7882967,2.1074419021606445,7.374043,False
4af29bee-c1d7-4316-a6ac-f09df88336e6,4af29bee-c1d7-4316-a6ac-f09df88336e6_2,1739539126.6808548,1739539127.6721277,1739539128.7882967,2.1074419021606445,7.374043,False
4af29bee-c1d7-4316-a6ac-f09df88336e6,4af29bee-c1d7-4316-a6ac-f09df88336e6_3,1739539126.6808548,1739539127.6721277,1739539128.7882967,2.1074419021606445,7.374043,False
58268b42-cb4c-4dd9-88fc-1a3c9e32a6ce,58268b42-cb4c-4dd9-88fc-1a3c9e32a6ce_0,1739539125.738442,1739539125.745513,1739539128.7911067,3.0526647567749023,21.110268,False
58268b42-cb4c-4dd9-88fc-1a3c9e32a6ce,58268b42-cb4c-4dd9-88fc-1a3c9e32a6ce_1,1739539125.738442,1739539125.745513,1739539128.7911067,3.0526647567749023,21.110268,False
58268b42-cb4c-4dd9-88fc-1a3c9e32a6ce,58268b42-cb4c-4dd9-88fc-1a3c9e32a6ce_2,1739539125.738442,1739539125.8553197,1739539128.7911067,3.0526647567749023,21.110268,False
58268b42-cb4c-4dd9-88fc-1a3c9e32a6ce,58268b42-cb4c-4dd9-88fc-1a3c9e32a6ce_3,1739539125.738442,1739539125.8553197,1739539128.7911067,3.0526647567749023,21.110268,False
58268b42-cb4c-4dd9-88fc-1a3c9e32a6ce,58268b42-cb4c-4dd9-88fc-1a3c9e32a6ce_4,1739539125.738442,1739539125.8553197,1739539128.7911067,3.0526647567749023,21.110268,False
58268b42-cb4c-4dd9-88fc-1a3c9e32a6ce,58268b42-cb4c-4dd9-88fc-1a3c9e32a6ce_5,1739539125.738442,1739539125.8553197,1739539128.7911067,3.0526647567749023,21.110268,False
58268b42-cb4c-4dd9-88fc-1a3c9e32a6ce,58268b42-cb4c-4dd9-88fc-1a3c9e32a6ce_6,1739539125.738442,1739539125.8553197,1739539128.7911067,3.0526647567749023,21.110268,False
58268b42-cb4c-4dd9-88fc-1a3c9e32a6ce,58268b42-cb4c-4dd9-88fc-1a3c9e32a6ce_7,1739539125.738442,1739539125.8553197,1739539128.7911067,3.0526647567749023,21.110268,False
58268b42-cb4c-4dd9-88fc-1a3c9e32a6ce,58268b42-cb4c-4dd9-88fc-1a3c9e32a6ce_8,1739539125.738442,1739539125.8553197,1739539128.7911067,3.0526647567749023,21.110268,False
58268b42-cb4c-4dd9-88fc-1a3c9e32a6ce,58268b42-cb4c-4dd9-88fc-1a3c9e32a6ce_9,1739539125.738442,1739539125.8553197,1739539128.7911067,3.0526647567749023,21.110268,False
58268b42-cb4c-4dd9-88fc-1a3c9e32a6ce,58268b42-cb4c-4dd9-88fc-1a3c9e32a6ce_10,1739539125.738442,1739539127.6721277,1739539128.7911067,3.0526647567749023,21.110268,False
58268b42-cb4c-4dd9-88fc-1a3c9e32a6ce,58268b42-cb4c-4dd9-88fc-1a3c9e32a6ce_11,1739539125.738442,1739539127.6721277,1739539128.7911067,3.0526647567749023,21.110268,False
6e05c16c-ccb8-463a-9491-9c0687ef2f37,6e05c16c-ccb8-463a-9491-9c0687ef2f37_0,1739539127.6697123,1739539127.6721277,1739539128.7941518,1.1244394779205322,17.190029,False
6e05c16c-ccb8-463a-9491-9c0687ef2f37,6e05c16c-ccb8-463a-9491-9c0687ef2f37_1,1739539127.6697123,1739539127.6721277,1739539128.7941518,1.1244394779205322,17.190029,False
b3871d90-bde5-4dcd-864a-e90a4a652b45,b3871d90-bde5-4dcd-864a-e90a4a652b45_0,1739539128.6688645,1739539130.7332897,1739539131.8489277,3.180063247680664,13.098841,False
d671c925-456f-45ff-ac6c-cbb931358700,d671c925-456f-45ff-ac6c-cbb931358700_0,1739539129.6671312,1739539130.7332897,1739539131.85227,2.185138702392578,1.098841,False
3ec0bbbb-5fe1-4d4e-809d-7de34e2c528c,3ec0bbbb-5fe1-4d4e-809d-7de34e2c528c_0,1739539130.6684995,1739539130.7332897,1739539131.856952,1.1884524822235107,2.190029,False
3ec0bbbb-5fe1-4d4e-809d-7de34e2c528c,3ec0bbbb-5fe1-4d4e-809d-7de34e2c528c_1,1739539130.6684995,1739539130.7332897,1739539131.856952,1.1884524822235107,2.190029,False
20f064f0-5a8c-4524-8632-e810b417812e,20f064f0-5a8c-4524-8632-e810b417812e_0,1739539130.7255225,1739539130.7332897,1739539132.7983713,2.0728487968444824,13.027485,False
20f064f0-5a8c-4524-8632-e810b417812e,20f064f0-5a8c-4524-8632-e810b417812e_1,1739539130.7255225,1739539130.7332897,1739539132.7983713,2.0728487968444824,13.027485,False
20f064f0-5a8c-4524-8632-e810b417812e,20f064f0-5a8c-4524-8632-e810b417812e_2,1739539130.7255225,1739539130.7332897,1739539132.7983713,2.0728487968444824,13.027485,False
20f064f0-5a8c-4524-8632-e810b417812e,20f064f0-5a8c-4524-8632-e810b417812e_3,1739539130.7255225,1739539130.7332897,1739539132.7983713,2.0728487968444824,13.027485,False
20f064f0-5a8c-4524-8632-e810b417812e,20f064f0-5a8c-4524-8632-e810b417812e_4,1739539130.7255225,1739539131.6709993,1739539132.7983713,2.0728487968444824,13.027485,False
20f064f0-5a8c-4524-8632-e810b417812e,20f064f0-5a8c-4524-8632-e810b417812e_5,1739539130.7255225,1739539131.6709993,1739539132.7983713,2.0728487968444824,13.027485,False
20f064f0-5a8c-4524-8632-e810b417812e,20f064f0-5a8c-4524-8632-e810b417812e_6,1739539130.7255225,1739539131.6709993,1739539132.7983713,2.0728487968444824,13.027485,False
20f064f0-5a8c-4524-8632-e810b417812e,20f064f0-5a8c-4524-8632-e810b417812e_7,1739539130.7255225,1739539131.6709993,1739539132.7983713,2.0728487968444824,13.027485,False
20f064f0-5a8c-4524-8632-e810b417812e,20f064f0-5a8c-4524-8632-e810b417812e_8,1739539130.7255225,1739539131.6709993,1739539132.7983713,2.0728487968444824,13.027485,False
20f064f0-5a8c-4524-8632-e810b417812e,20f064f0-5a8c-4524-8632-e810b417812e_9,1739539130.7255225,1739539131.6709993,1739539132.7983713,2.0728487968444824,13.027485,False
20f064f0-5a8c-4524-8632-e810b417812e,20f064f0-5a8c-4524-8632-e810b417812e_10,1739539130.7255225,1739539131.6709993,1739539132.7983713,2.0728487968444824,13.027485,False
7ae8be99-f5d5-4a85-a1eb-3d3adb91e2a6,7ae8be99-f5d5-4a85-a1eb-3d3adb91e2a6_0,1739539131.668446,1739539131.6709993,1739539132.801832,1.1333858966827393,2.098841,False
13881033-5894-43eb-b30e-b1dd1f98bbd1,13881033-5894-43eb-b30e-b1dd1f98bbd1_0,1739539132.6699066,1739539135.6716552,1739539136.7942615,4.124354839324951,13.098841,False
38de68b6-31d9-40c5-a3da-3fbe5338dd5c,38de68b6-31d9-40c5-a3da-3fbe5338dd5c_0,1739539133.6703057,1739539135.6716552,1739539136.7988029,3.1284971237182617,14.190029,False
38de68b6-31d9-40c5-a3da-3fbe5338dd5c,38de68b6-31d9-40c5-a3da-3fbe5338dd5c_1,1739539133.6703057,1739539135.6716552,1739539136.7988029,3.1284971237182617,14.190029,False
5c4f1204-b004-4f2b-a223-bd6363828223,5c4f1204-b004-4f2b-a223-bd6363828223_0,1739539134.6723847,1739539135.6716552,1739539136.800558,2.128173351287842,5.374043,False
5c4f1204-b004-4f2b-a223-bd6363828223,5c4f1204-b004-4f2b-a223-bd6363828223_1,1739539134.6723847,1739539135.6716552,1739539136.800558,2.128173351287842,5.374043,False
5c4f1204-b004-4f2b-a223-bd6363828223,5c4f1204-b004-4f2b-a223-bd6363828223_2,1739539134.6723847,1739539135.6716552,1739539136.800558,2.128173351287842,5.374043,False
5c4f1204-b004-4f2b-a223-bd6363828223,5c4f1204-b004-4f2b-a223-bd6363828223_3,1739539134.6723847,1739539135.6716552,1739539136.800558,2.128173351287842,5.374043,False
0abe9d6b-1f1e-43f0-80c6-acdd4515c1ed,0abe9d6b-1f1e-43f0-80c6-acdd4515c1ed_0,1739539135.7076309,1739539137.673253,1739539138.7622557,3.0546247959136963,4.465794,False
0abe9d6b-1f1e-43f0-80c6-acdd4515c1ed,0abe9d6b-1f1e-43f0-80c6-acdd4515c1ed_1,1739539135.7076309,1739539137.673253,1739539138.7622557,3.0546247959136963,4.465794,False
0abe9d6b-1f1e-43f0-80c6-acdd4515c1ed,0abe9d6b-1f1e-43f0-80c6-acdd4515c1ed_2,1739539135.7076309,1739539137.673253,1739539138.7622557,3.0546247959136963,4.465794,False
0abe9d6b-1f1e-43f0-80c6-acdd4515c1ed,0abe9d6b-1f1e-43f0-80c6-acdd4515c1ed_3,1739539135.7076309,1739539137.673253,1739539138.7622557,3.0546247959136963,4.465794,False
0abe9d6b-1f1e-43f0-80c6-acdd4515c1ed,0abe9d6b-1f1e-43f0-80c6-acdd4515c1ed_4,1739539135.7076309,1739539137.673253,1739539138.7622557,3.0546247959136963,4.465794,False
34774c13-5c75-4bf0-a036-1e4c8745bc29,34774c13-5c75-4bf0-a036-1e4c8745bc29_0,1739539136.6712327,1739539137.673253,1739539138.7640717,2.092839002609253,20.098841,False
67ddf81d-e32e-44dc-9072-82d8bb2256f1,67ddf81d-e32e-44dc-9072-82d8bb2256f1_0,1739539135.6698716,1739539135.6716552,1739539138.7670913,3.097219705581665,8.190029,False
67ddf81d-e32e-44dc-9072-82d8bb2256f1,67ddf81d-e32e-44dc-9072-82d8bb2256f1_1,1739539135.6698716,1739539137.673253,1739539138.7670913,3.097219705581665,8.190029,False
050d8279-8b63-4e38-a37c-9bb2b2ea6165,050d8279-8b63-4e38-a37c-9bb2b2ea6165_0,1739539138.667532,1739539140.6958587,1739539141.7878456,3.1203136444091797,12.098841,False
97f2af65-4f04-4bfc-8170-79217ea03f1a,97f2af65-4f04-4bfc-8170-79217ea03f1a_0,1739539139.6664155,1739539140.6958587,1739539141.7899024,2.1234869956970215,3.098841,False
915f7bf7-1666-4d9f-b956-e5eab898c348,915f7bf7-1666-4d9f-b956-e5eab898c348_0,1739539140.66542,1739539140.6958587,1739539141.790379,1.1249589920043945,20.190029,False
915f7bf7-1666-4d9f-b956-e5eab898c348,915f7bf7-1666-4d9f-b956-e5eab898c348_1,1739539140.66542,1739539140.6958587,1739539141.790379,1.1249589920043945,20.190029,False
a3afc7d3-32d1-4758-b3fa-328736d3937b,a3afc7d3-32d1-4758-b3fa-328736d3937b_0,1739539137.6708488,1739539137.673253,1739539141.79309,4.122241258621216,1.190029,False
a3afc7d3-32d1-4758-b3fa-328736d3937b,a3afc7d3-32d1-4758-b3fa-328736d3937b_1,1739539137.6708488,1739539140.6958587,1739539141.79309,4.122241258621216,1.190029,False
c4294380-3d5f-46d9-8970-16fb254b20b2,c4294380-3d5f-46d9-8970-16fb254b20b2_0,1739539142.666158,1739539145.6734002,1739539148.0154603,5.349302291870117,16.098841,False
4e43b528-82ab-47f5-a6e0-1edea78107fc,4e43b528-82ab-47f5-a6e0-1edea78107fc_0,1739539144.670169,1739539145.6734002,1739539148.0203583,3.350189208984375,5.098841,False
28e9253f-a7ea-4669-92d8-7ce0d331668e,28e9253f-a7ea-4669-92d8-7ce0d331668e_0,1739539143.6687698,1739539145.6734002,1739539148.0213795,4.352609634399414,16.190029,False
cc56c211-fdfb-4145-8f00-e23e005fb478,cc56c211-fdfb-4145-8f00-e23e005fb478_0,1739539141.6816728,1739539145.6734002,1739539148.022002,6.340329170227051,15.190029,False
8c1257e3-e806-4b7d-b040-2c06b5650b38,8c1257e3-e806-4b7d-b040-2c06b5650b38_0,1739539140.693615,1739539140.6958587,1739539148.021939,7.32832407951355,19.374043,False
28e9253f-a7ea-4669-92d8-7ce0d331668e,28e9253f-a7ea-4669-92d8-7ce0d331668e_1,1739539143.6687698,1739539145.6734002,1739539148.0213795,4.352609634399414,16.190029,False
0ea887eb-0a2f-4299-9d19-ca70da633bc0,0ea887eb-0a2f-4299-9d19-ca70da633bc0_0,1739539145.6705492,1739539145.6734002,1739539148.0198286,2.3492794036865234,16.098841,False
cc56c211-fdfb-4145-8f00-e23e005fb478,cc56c211-fdfb-4145-8f00-e23e005fb478_1,1739539141.6816728,1739539145.6734002,1739539148.022002,6.340329170227051,15.190029,False
8c1257e3-e806-4b7d-b040-2c06b5650b38,8c1257e3-e806-4b7d-b040-2c06b5650b38_1,1739539140.693615,1739539140.6958587,1739539148.021939,7.32832407951355,19.374043,False
8c1257e3-e806-4b7d-b040-2c06b5650b38,8c1257e3-e806-4b7d-b040-2c06b5650b38_2,1739539140.693615,1739539140.6958587,1739539148.021939,7.32832407951355,19.374043,False
8c1257e3-e806-4b7d-b040-2c06b5650b38,8c1257e3-e806-4b7d-b040-2c06b5650b38_3,1739539140.693615,1739539145.6734002,1739539148.021939,7.32832407951355,19.374043,False
296c4748-80f3-4829-805c-310bc0ec8ee9,296c4748-80f3-4829-805c-310bc0ec8ee9_0,1739539145.774481,1739539145.9009354,1739539148.9439898,3.169508695602417,19.119834,False
296c4748-80f3-4829-805c-310bc0ec8ee9,296c4748-80f3-4829-805c-310bc0ec8ee9_1,1739539145.774481,1739539145.9009354,1739539148.9439898,3.169508695602417,19.119834,False
296c4748-80f3-4829-805c-310bc0ec8ee9,296c4748-80f3-4829-805c-310bc0ec8ee9_2,1739539145.774481,1739539145.9009354,1739539148.9439898,3.169508695602417,19.119834,False
296c4748-80f3-4829-805c-310bc0ec8ee9,296c4748-80f3-4829-805c-310bc0ec8ee9_3,1739539145.774481,1739539145.9009354,1739539148.9439898,3.169508695602417,19.119834,False
296c4748-80f3-4829-805c-310bc0ec8ee9,296c4748-80f3-4829-805c-310bc0ec8ee9_4,1739539145.774481,1739539145.9009354,1739539148.9439898,3.169508695602417,19.119834,False
296c4748-80f3-4829-805c-310bc0ec8ee9,296c4748-80f3-4829-805c-310bc0ec8ee9_5,1739539145.774481,1739539145.9009354,1739539148.9439898,3.169508695602417,19.119834,False
296c4748-80f3-4829-805c-310bc0ec8ee9,296c4748-80f3-4829-805c-310bc0ec8ee9_6,1739539145.774481,1739539145.9009354,1739539148.9439898,3.169508695602417,19.119834,False
296c4748-80f3-4829-805c-310bc0ec8ee9,296c4748-80f3-4829-805c-310bc0ec8ee9_7,1739539145.774481,1739539145.9009354,1739539148.9439898,3.169508695602417,19.119834,False
296c4748-80f3-4829-805c-310bc0ec8ee9,296c4748-80f3-4829-805c-310bc0ec8ee9_8,1739539145.774481,1739539146.0058112,1739539148.9439898,3.169508695602417,19.119834,False
296c4748-80f3-4829-805c-310bc0ec8ee9,296c4748-80f3-4829-805c-310bc0ec8ee9_9,1739539145.774481,1739539146.0058112,1739539148.9439898,3.169508695602417,19.119834,False
296c4748-80f3-4829-805c-310bc0ec8ee9,296c4748-80f3-4829-805c-310bc0ec8ee9_10,1739539145.774481,1739539146.0058112,1739539148.9439898,3.169508695602417,19.119834,False
296c4748-80f3-4829-805c-310bc0ec8ee9,296c4748-80f3-4829-805c-310bc0ec8ee9_11,1739539145.774481,1739539146.0058112,1739539148.9439898,3.169508695602417,19.119834,False
296c4748-80f3-4829-805c-310bc0ec8ee9,296c4748-80f3-4829-805c-310bc0ec8ee9_12,1739539145.774481,1739539146.0058112,1739539148.9439898,3.169508695602417,19.119834,False
296c4748-80f3-4829-805c-310bc0ec8ee9,296c4748-80f3-4829-805c-310bc0ec8ee9_13,1739539145.774481,1739539146.0058112,1739539148.9439898,3.169508695602417,19.119834,False
296c4748-80f3-4829-805c-310bc0ec8ee9,296c4748-80f3-4829-805c-310bc0ec8ee9_14,1739539145.774481,1739539146.0058112,1739539148.9439898,3.169508695602417,19.119834,False
296c4748-80f3-4829-805c-310bc0ec8ee9,296c4748-80f3-4829-805c-310bc0ec8ee9_15,1739539145.774481,1739539146.0058112,1739539148.9439898,3.169508695602417,19.119834,False
296c4748-80f3-4829-805c-310bc0ec8ee9,296c4748-80f3-4829-805c-310bc0ec8ee9_16,1739539145.774481,1739539146.6838012,1739539148.9439898,3.169508695602417,19.119834,False
296c4748-80f3-4829-805c-310bc0ec8ee9,296c4748-80f3-4829-805c-310bc0ec8ee9_17,1739539145.774481,1739539146.6838012,1739539148.9439898,3.169508695602417,19.119834,False
296c4748-80f3-4829-805c-310bc0ec8ee9,296c4748-80f3-4829-805c-310bc0ec8ee9_18,1739539145.774481,1739539146.6838012,1739539148.9439898,3.169508695602417,19.119834,False
296c4748-80f3-4829-805c-310bc0ec8ee9,296c4748-80f3-4829-805c-310bc0ec8ee9_19,1739539145.774481,1739539146.6838012,1739539148.9439898,3.169508695602417,19.119834,False
296c4748-80f3-4829-805c-310bc0ec8ee9,296c4748-80f3-4829-805c-310bc0ec8ee9_20,1739539145.774481,1739539146.6838012,1739539148.9439898,3.169508695602417,19.119834,False
296c4748-80f3-4829-805c-310bc0ec8ee9,296c4748-80f3-4829-805c-310bc0ec8ee9_21,1739539145.774481,1739539146.6838012,1739539148.9439898,3.169508695602417,19.119834,False
296c4748-80f3-4829-805c-310bc0ec8ee9,296c4748-80f3-4829-805c-310bc0ec8ee9_22,1739539145.774481,1739539146.6838012,1739539148.9439898,3.169508695602417,19.119834,False
d1addf5b-34cc-48ea-ba5e-8d6874b83664,d1addf5b-34cc-48ea-ba5e-8d6874b83664_0,1739539147.6915135,1739539150.6739583,1739539151.820743,4.129229545593262,19.098841,False
924d5960-7439-4d90-ab43-61a495552426,924d5960-7439-4d90-ab43-61a495552426_0,1739539149.6701705,1739539150.6739583,1739539151.8228185,2.1526479721069336,7.281418,False
924d5960-7439-4d90-ab43-61a495552426,924d5960-7439-4d90-ab43-61a495552426_1,1739539149.6701705,1739539150.6739583,1739539151.8228185,2.1526479721069336,7.281418,False
924d5960-7439-4d90-ab43-61a495552426,924d5960-7439-4d90-ab43-61a495552426_2,1739539149.6701705,1739539150.6739583,1739539151.8228185,2.1526479721069336,7.281418,False
6e4996ec-0ef6-479f-b2e6-b1c6ba4f9f82,6e4996ec-0ef6-479f-b2e6-b1c6ba4f9f82_0,1739539146.6797745,1739539146.6838012,1739539151.8291411,5.149366617202759,9.190029,False
6e4996ec-0ef6-479f-b2e6-b1c6ba4f9f82,6e4996ec-0ef6-479f-b2e6-b1c6ba4f9f82_1,1739539146.6797745,1739539150.6739583,1739539151.8291411,5.149366617202759,9.190029,False
5db79e4b-3ce0-498f-b21f-ecd6cb4133fc,5db79e4b-3ce0-498f-b21f-ecd6cb4133fc_0,1739539148.670604,1739539150.6739583,1739539151.8323019,3.1616978645324707,4.190029,False
5db79e4b-3ce0-498f-b21f-ecd6cb4133fc,5db79e4b-3ce0-498f-b21f-ecd6cb4133fc_1,1739539148.670604,1739539150.6739583,1739539151.8323019,3.1616978645324707,4.190029,False
84608f41-5e65-4de6-8550-7e71699b93c8,84608f41-5e65-4de6-8550-7e71699b93c8_0,1739539150.6726744,1739539150.6739583,1739539152.620041,1.94736647605896,3.190029,False
84608f41-5e65-4de6-8550-7e71699b93c8,84608f41-5e65-4de6-8550-7e71699b93c8_1,1739539150.6726744,1739539150.7866755,1739539152.620041,1.94736647605896,3.190029,False
9a868ca0-1c49-45bb-af1f-b3b8cb3cd4aa,9a868ca0-1c49-45bb-af1f-b3b8cb3cd4aa_0,1739539151.6787632,1739539152.6741147,1739539153.9998565,2.3210933208465576,15.374043,False
9a868ca0-1c49-45bb-af1f-b3b8cb3cd4aa,9a868ca0-1c49-45bb-af1f-b3b8cb3cd4aa_1,1739539151.6787632,1739539152.6741147,1739539153.9998565,2.3210933208465576,15.374043,False
9a868ca0-1c49-45bb-af1f-b3b8cb3cd4aa,9a868ca0-1c49-45bb-af1f-b3b8cb3cd4aa_2,1739539151.6787632,1739539152.6741147,1739539153.9998565,2.3210933208465576,15.374043,False
9a868ca0-1c49-45bb-af1f-b3b8cb3cd4aa,9a868ca0-1c49-45bb-af1f-b3b8cb3cd4aa_3,1739539151.6787632,1739539152.6741147,1739539153.9998565,2.3210933208465576,15.374043,False
c001530e-d880-4ce7-943c-d78d36cc7972,c001530e-d880-4ce7-943c-d78d36cc7972_0,1739539150.749332,1739539150.7866755,1739539154.0028253,3.253493309020996,11.833391,False
c001530e-d880-4ce7-943c-d78d36cc7972,c001530e-d880-4ce7-943c-d78d36cc7972_1,1739539150.749332,1739539150.7866755,1739539154.0028253,3.253493309020996,11.833391,False
c001530e-d880-4ce7-943c-d78d36cc7972,c001530e-d880-4ce7-943c-d78d36cc7972_2,1739539150.749332,1739539150.7866755,1739539154.0028253,3.253493309020996,11.833391,False
c001530e-d880-4ce7-943c-d78d36cc7972,c001530e-d880-4ce7-943c-d78d36cc7972_3,1739539150.749332,1739539150.7866755,1739539154.0028253,3.253493309020996,11.833391,False
c001530e-d880-4ce7-943c-d78d36cc7972,c001530e-d880-4ce7-943c-d78d36cc7972_4,1739539150.749332,1739539150.7866755,1739539154.0028253,3.253493309020996,11.833391,False
c001530e-d880-4ce7-943c-d78d36cc7972,c001530e-d880-4ce7-943c-d78d36cc7972_5,1739539150.749332,1739539150.7866755,1739539154.0028253,3.253493309020996,11.833391,False
c001530e-d880-4ce7-943c-d78d36cc7972,c001530e-d880-4ce7-943c-d78d36cc7972_6,1739539150.749332,1739539150.7866755,1739539154.0028253,3.253493309020996,11.833391,False
c001530e-d880-4ce7-943c-d78d36cc7972,c001530e-d880-4ce7-943c-d78d36cc7972_7,1739539150.749332,1739539152.6741147,1739539154.0028253,3.253493309020996,11.833391,False
c001530e-d880-4ce7-943c-d78d36cc7972,c001530e-d880-4ce7-943c-d78d36cc7972_8,1739539150.749332,1739539152.6741147,1739539154.0028253,3.253493309020996,11.833391,False
33fb6a99-83ba-4b69-9e66-ffedb2a194a1,33fb6a99-83ba-4b69-9e66-ffedb2a194a1_0,1739539153.6684601,1739539155.6948647,1739539156.7965693,3.1281092166900635,8.098841,False
c1c73226-c3ff-4635-b933-6c8c5b61d1ec,c1c73226-c3ff-4635-b933-6c8c5b61d1ec_0,1739539154.6685536,1739539155.6948647,1739539156.7991524,2.130598783493042,16.098841,False
dd52dd07-0f2f-4f5e-aa6a-b6343e99862e,dd52dd07-0f2f-4f5e-aa6a-b6343e99862e_0,1739539152.671927,1739539152.6741147,1739539156.8051274,4.133200407028198,16.281418,False
dd52dd07-0f2f-4f5e-aa6a-b6343e99862e,dd52dd07-0f2f-4f5e-aa6a-b6343e99862e_1,1739539152.671927,1739539152.6741147,1739539156.8051274,4.133200407028198,16.281418,False
dd52dd07-0f2f-4f5e-aa6a-b6343e99862e,dd52dd07-0f2f-4f5e-aa6a-b6343e99862e_2,1739539152.671927,1739539155.6948647,1739539156.8051274,4.133200407028198,16.281418,False
4ca05a9c-f0f5-4f8a-93f5-70d8ea13c7ce,4ca05a9c-f0f5-4f8a-93f5-70d8ea13c7ce_0,1739539155.6773772,1739539155.6948647,1739539156.807018,1.129640817642212,15.190029,False
4ca05a9c-f0f5-4f8a-93f5-70d8ea13c7ce,4ca05a9c-f0f5-4f8a-93f5-70d8ea13c7ce_1,1739539155.6773772,1739539155.6948647,1739539156.807018,1.129640817642212,15.190029,False
398d31f8-7eed-423b-9150-d974f1adbf1f,398d31f8-7eed-423b-9150-d974f1adbf1f_0,1739539155.6900673,1739539155.6948647,1739539156.8174136,1.1273462772369385,4.281418,False
398d31f8-7eed-423b-9150-d974f1adbf1f,398d31f8-7eed-423b-9150-d974f1adbf1f_1,1739539155.6900673,1739539155.6948647,1739539156.8174136,1.1273462772369385,4.281418,False
398d31f8-7eed-423b-9150-d974f1adbf1f,398d31f8-7eed-423b-9150-d974f1adbf1f_2,1739539155.6900673,1739539155.6948647,1739539156.8174136,1.1273462772369385,4.281418,False
05be798e-c8bd-4d3c-a6bd-96751dc14ee5,05be798e-c8bd-4d3c-a6bd-96751dc14ee5_0,1739539159.6660373,1739539159.6676626,1739539160.744216,1.0781786441802979,14.098841,False
32498c9c-00be-48bd-988f-9f0b72b3aa89,32498c9c-00be-48bd-988f-9f0b72b3aa89_0,1739539157.6775162,1739539159.6676626,1739539160.7452598,3.0677435398101807,17.281418,False
ce8abd62-6a2b-43c0-aeaf-32f0c8d20fd2,ce8abd62-6a2b-43c0-aeaf-32f0c8d20fd2_0,1739539156.6729012,1739539159.6676626,1739539160.7453473,4.07244610786438,20.281418,False
32498c9c-00be-48bd-988f-9f0b72b3aa89,32498c9c-00be-48bd-988f-9f0b72b3aa89_1,1739539157.6775162,1739539159.6676626,1739539160.7452598,3.0677435398101807,17.281418,False
ce8abd62-6a2b-43c0-aeaf-32f0c8d20fd2,ce8abd62-6a2b-43c0-aeaf-32f0c8d20fd2_1,1739539156.6729012,1739539159.6676626,1739539160.7453473,4.07244610786438,20.281418,False
32498c9c-00be-48bd-988f-9f0b72b3aa89,32498c9c-00be-48bd-988f-9f0b72b3aa89_2,1739539157.6775162,1739539159.6676626,1739539160.7452598,3.0677435398101807,17.281418,False
ce8abd62-6a2b-43c0-aeaf-32f0c8d20fd2,ce8abd62-6a2b-43c0-aeaf-32f0c8d20fd2_2,1739539156.6729012,1739539159.6676626,1739539160.7453473,4.07244610786438,20.281418,False
68b5b7e2-c5fb-40f7-8c61-8344abe39e6e,68b5b7e2-c5fb-40f7-8c61-8344abe39e6e_0,1739539158.6751325,1739539159.6676626,1739539160.7562008,2.081068277359009,20.098841,False
7c17ae48-534f-4144-bb4e-3dcd5ab02f5a,7c17ae48-534f-4144-bb4e-3dcd5ab02f5a_0,1739539160.6840994,1739539160.8013635,1739539163.3771617,2.6930623054504395,15.098841,False
21bdffe2-d409-47dc-a970-5cf348bd6f82,21bdffe2-d409-47dc-a970-5cf348bd6f82_0,1739539160.7827337,1739539160.8013635,1739539163.867806,3.0850722789764404,17.943081,False
21bdffe2-d409-47dc-a970-5cf348bd6f82,21bdffe2-d409-47dc-a970-5cf348bd6f82_1,1739539160.7827337,1739539160.8013635,1739539163.867806,3.0850722789764404,17.943081,False
21bdffe2-d409-47dc-a970-5cf348bd6f82,21bdffe2-d409-47dc-a970-5cf348bd6f82_2,1739539160.7827337,1739539160.8013635,1739539163.867806,3.0850722789764404,17.943081,False
21bdffe2-d409-47dc-a970-5cf348bd6f82,21bdffe2-d409-47dc-a970-5cf348bd6f82_3,1739539160.7827337,1739539160.8013635,1739539163.867806,3.0850722789764404,17.943081,False
21bdffe2-d409-47dc-a970-5cf348bd6f82,21bdffe2-d409-47dc-a970-5cf348bd6f82_4,1739539160.7827337,1739539160.8013635,1739539163.867806,3.0850722789764404,17.943081,False
21bdffe2-d409-47dc-a970-5cf348bd6f82,21bdffe2-d409-47dc-a970-5cf348bd6f82_5,1739539160.7827337,1739539160.8013635,1739539163.867806,3.0850722789764404,17.943081,False
21bdffe2-d409-47dc-a970-5cf348bd6f82,21bdffe2-d409-47dc-a970-5cf348bd6f82_6,1739539160.7827337,1739539160.8013635,1739539163.867806,3.0850722789764404,17.943081,False
21bdffe2-d409-47dc-a970-5cf348bd6f82,21bdffe2-d409-47dc-a970-5cf348bd6f82_7,1739539160.7827337,1739539160.9119298,1739539163.867806,3.0850722789764404,17.943081,False
21bdffe2-d409-47dc-a970-5cf348bd6f82,21bdffe2-d409-47dc-a970-5cf348bd6f82_8,1739539160.7827337,1739539160.9119298,1739539163.867806,3.0850722789764404,17.943081,False
21bdffe2-d409-47dc-a970-5cf348bd6f82,21bdffe2-d409-47dc-a970-5cf348bd6f82_9,1739539160.7827337,1739539160.9119298,1739539163.867806,3.0850722789764404,17.943081,False
21bdffe2-d409-47dc-a970-5cf348bd6f82,21bdffe2-d409-47dc-a970-5cf348bd6f82_10,1739539160.7827337,1739539160.9119298,1739539163.867806,3.0850722789764404,17.943081,False
21bdffe2-d409-47dc-a970-5cf348bd6f82,21bdffe2-d409-47dc-a970-5cf348bd6f82_11,1739539160.7827337,1739539160.9119298,1739539163.867806,3.0850722789764404,17.943081,False
21bdffe2-d409-47dc-a970-5cf348bd6f82,21bdffe2-d409-47dc-a970-5cf348bd6f82_12,1739539160.7827337,1739539160.9119298,1739539163.867806,3.0850722789764404,17.943081,False
21bdffe2-d409-47dc-a970-5cf348bd6f82,21bdffe2-d409-47dc-a970-5cf348bd6f82_13,1739539160.7827337,1739539160.9119298,1739539163.867806,3.0850722789764404,17.943081,False
21bdffe2-d409-47dc-a970-5cf348bd6f82,21bdffe2-d409-47dc-a970-5cf348bd6f82_14,1739539160.7827337,1739539160.9119298,1739539163.867806,3.0850722789764404,17.943081,False
21bdffe2-d409-47dc-a970-5cf348bd6f82,21bdffe2-d409-47dc-a970-5cf348bd6f82_15,1739539160.7827337,1739539161.6775608,1739539163.867806,3.0850722789764404,17.943081,False
21bdffe2-d409-47dc-a970-5cf348bd6f82,21bdffe2-d409-47dc-a970-5cf348bd6f82_16,1739539160.7827337,1739539161.6775608,1739539163.867806,3.0850722789764404,17.943081,False
21bdffe2-d409-47dc-a970-5cf348bd6f82,21bdffe2-d409-47dc-a970-5cf348bd6f82_17,1739539160.7827337,1739539161.6775608,1739539163.867806,3.0850722789764404,17.943081,False
21bdffe2-d409-47dc-a970-5cf348bd6f82,21bdffe2-d409-47dc-a970-5cf348bd6f82_18,1739539160.7827337,1739539161.6775608,1739539163.867806,3.0850722789764404,17.943081,False
21bdffe2-d409-47dc-a970-5cf348bd6f82,21bdffe2-d409-47dc-a970-5cf348bd6f82_19,1739539160.7827337,1739539161.6775608,1739539163.867806,3.0850722789764404,17.943081,False
21bdffe2-d409-47dc-a970-5cf348bd6f82,21bdffe2-d409-47dc-a970-5cf348bd6f82_20,1739539160.7827337,1739539161.6775608,1739539163.867806,3.0850722789764404,17.943081,False
770e447b-6fb6-4342-81d0-fbc0cc0d4e3a,770e447b-6fb6-4342-81d0-fbc0cc0d4e3a_0,1739539162.670351,1739539164.677725,1739539165.694699,3.024348020553589,13.098841,False
17143b41-f7c0-4c24-92c9-46789fb8fe74,17143b41-f7c0-4c24-92c9-46789fb8fe74_0,1739539164.6742716,1739539164.677725,1739539165.708292,1.0340204238891602,6.281418,False
17143b41-f7c0-4c24-92c9-46789fb8fe74,17143b41-f7c0-4c24-92c9-46789fb8fe74_1,1739539164.6742716,1739539164.677725,1739539165.708292,1.0340204238891602,6.281418,False
17143b41-f7c0-4c24-92c9-46789fb8fe74,17143b41-f7c0-4c24-92c9-46789fb8fe74_2,1739539164.6742716,1739539164.677725,1739539165.708292,1.0340204238891602,6.281418,False
913d748b-0e8b-4cb9-ac30-d0e9cb24830d,913d748b-0e8b-4cb9-ac30-d0e9cb24830d_0,1739539161.6735423,1739539161.6775608,1739539165.7183743,4.044831991195679,12.281418,False
913d748b-0e8b-4cb9-ac30-d0e9cb24830d,913d748b-0e8b-4cb9-ac30-d0e9cb24830d_1,1739539161.6735423,1739539161.6775608,1739539165.7183743,4.044831991195679,12.281418,False
913d748b-0e8b-4cb9-ac30-d0e9cb24830d,913d748b-0e8b-4cb9-ac30-d0e9cb24830d_2,1739539161.6735423,1739539164.677725,1739539165.7183743,4.044831991195679,12.281418,False
607763df-d72c-4598-8a0f-589bd16d9b20,607763df-d72c-4598-8a0f-589bd16d9b20_0,1739539163.6739829,1739539164.677725,1739539165.7264907,2.0525078773498535,16.281418,False
607763df-d72c-4598-8a0f-589bd16d9b20,607763df-d72c-4598-8a0f-589bd16d9b20_1,1739539163.6739829,1739539164.677725,1739539165.7264907,2.0525078773498535,16.281418,False
607763df-d72c-4598-8a0f-589bd16d9b20,607763df-d72c-4598-8a0f-589bd16d9b20_2,1739539163.6739829,1739539164.677725,1739539165.7264907,2.0525078773498535,16.281418,False
9997d6fe-9979-4da5-af04-150e97c7fd43,9997d6fe-9979-4da5-af04-150e97c7fd43_0,1739539165.6839137,1739539165.7910142,1739539166.9656405,1.2817268371582031,10.374043,False
9997d6fe-9979-4da5-af04-150e97c7fd43,9997d6fe-9979-4da5-af04-150e97c7fd43_1,1739539165.6839137,1739539165.7910142,1739539166.9656405,1.2817268371582031,10.374043,False
9997d6fe-9979-4da5-af04-150e97c7fd43,9997d6fe-9979-4da5-af04-150e97c7fd43_2,1739539165.6839137,1739539165.7910142,1739539166.9656405,1.2817268371582031,10.374043,False
9997d6fe-9979-4da5-af04-150e97c7fd43,9997d6fe-9979-4da5-af04-150e97c7fd43_3,1739539165.6839137,1739539165.7910142,1739539166.9656405,1.2817268371582031,10.374043,False
6a61b7be-a07a-48b4-a396-12ad906ff581,6a61b7be-a07a-48b4-a396-12ad906ff581_0,1739539165.74307,1739539165.7910142,1739539167.9969184,2.2538485527038574,19.027485,False
6a61b7be-a07a-48b4-a396-12ad906ff581,6a61b7be-a07a-48b4-a396-12ad906ff581_1,1739539165.74307,1739539165.7910142,1739539167.9969184,2.2538485527038574,19.027485,False
6a61b7be-a07a-48b4-a396-12ad906ff581,6a61b7be-a07a-48b4-a396-12ad906ff581_2,1739539165.74307,1739539165.7910142,1739539167.9969184,2.2538485527038574,19.027485,False
6a61b7be-a07a-48b4-a396-12ad906ff581,6a61b7be-a07a-48b4-a396-12ad906ff581_3,1739539165.74307,1739539165.7910142,1739539167.9969184,2.2538485527038574,19.027485,False
6a61b7be-a07a-48b4-a396-12ad906ff581,6a61b7be-a07a-48b4-a396-12ad906ff581_4,1739539165.74307,1739539166.676487,1739539167.9969184,2.2538485527038574,19.027485,False
6a61b7be-a07a-48b4-a396-12ad906ff581,6a61b7be-a07a-48b4-a396-12ad906ff581_5,1739539165.74307,1739539166.676487,1739539167.9969184,2.2538485527038574,19.027485,False
6a61b7be-a07a-48b4-a396-12ad906ff581,6a61b7be-a07a-48b4-a396-12ad906ff581_6,1739539165.74307,1739539166.676487,1739539167.9969184,2.2538485527038574,19.027485,False
6a61b7be-a07a-48b4-a396-12ad906ff581,6a61b7be-a07a-48b4-a396-12ad906ff581_7,1739539165.74307,1739539166.676487,1739539167.9969184,2.2538485527038574,19.027485,False
6a61b7be-a07a-48b4-a396-12ad906ff581,6a61b7be-a07a-48b4-a396-12ad906ff581_8,1739539165.74307,1739539166.676487,1739539167.9969184,2.2538485527038574,19.027485,False
6a61b7be-a07a-48b4-a396-12ad906ff581,6a61b7be-a07a-48b4-a396-12ad906ff581_9,1739539165.74307,1739539166.676487,1739539167.9969184,2.2538485527038574,19.027485,False
6a61b7be-a07a-48b4-a396-12ad906ff581,6a61b7be-a07a-48b4-a396-12ad906ff581_10,1739539165.74307,1739539166.676487,1739539167.9969184,2.2538485527038574,19.027485,False
772b23ea-70a1-43e0-be48-13a5c96d2ad0,772b23ea-70a1-43e0-be48-13a5c96d2ad0_0,1739539166.672971,1739539166.676487,1739539169.7342594,3.061288356781006,13.281418,False
fc08d1d6-f1c3-4ba5-821f-6862be57ae7b,fc08d1d6-f1c3-4ba5-821f-6862be57ae7b_0,1739539167.676446,1739539168.6742916,1739539169.7346272,2.0581812858581543,15.374043,False
fc08d1d6-f1c3-4ba5-821f-6862be57ae7b,fc08d1d6-f1c3-4ba5-821f-6862be57ae7b_1,1739539167.676446,1739539168.6742916,1739539169.7346272,2.0581812858581543,15.374043,False
772b23ea-70a1-43e0-be48-13a5c96d2ad0,772b23ea-70a1-43e0-be48-13a5c96d2ad0_1,1739539166.672971,1739539168.6742916,1739539169.7342594,3.061288356781006,13.281418,False
772b23ea-70a1-43e0-be48-13a5c96d2ad0,772b23ea-70a1-43e0-be48-13a5c96d2ad0_2,1739539166.672971,1739539168.6742916,1739539169.7342594,3.061288356781006,13.281418,False
fc08d1d6-f1c3-4ba5-821f-6862be57ae7b,fc08d1d6-f1c3-4ba5-821f-6862be57ae7b_2,1739539167.676446,1739539168.6742916,1739539169.7346272,2.0581812858581543,15.374043,False
fc08d1d6-f1c3-4ba5-821f-6862be57ae7b,fc08d1d6-f1c3-4ba5-821f-6862be57ae7b_3,1739539167.676446,1739539168.6742916,1739539169.7346272,2.0581812858581543,15.374043,False
be93d591-62e9-4471-bf7e-d24f4e59ac27,be93d591-62e9-4471-bf7e-d24f4e59ac27_0,1739539170.6808314,1739539170.6824331,1739539171.7231913,1.0423598289489746,2.098841,False
705bf994-fbd4-48b7-9763-b7247a383ee4,705bf994-fbd4-48b7-9763-b7247a383ee4_0,1739539168.6714094,1739539168.6742916,1739539171.7304862,3.0590767860412598,16.281418,False
705bf994-fbd4-48b7-9763-b7247a383ee4,705bf994-fbd4-48b7-9763-b7247a383ee4_1,1739539168.6714094,1739539168.6742916,1739539171.7304862,3.0590767860412598,16.281418,False
705bf994-fbd4-48b7-9763-b7247a383ee4,705bf994-fbd4-48b7-9763-b7247a383ee4_2,1739539168.6714094,1739539170.6824331,1739539171.7304862,3.0590767860412598,16.281418,False
ad985f4a-948e-42cf-bbe1-cf795236ab0f,ad985f4a-948e-42cf-bbe1-cf795236ab0f_0,1739539169.6872916,1739539170.6824331,1739539171.7327466,2.045454978942871,10.281418,False
7d8a7cf9-5119-47c0-894f-8997a245c88b,7d8a7cf9-5119-47c0-894f-8997a245c88b_0,1739539170.6709309,1739539170.6824331,1739539171.7330277,1.0620968341827393,11.281418,False
7d8a7cf9-5119-47c0-894f-8997a245c88b,7d8a7cf9-5119-47c0-894f-8997a245c88b_1,1739539170.6709309,1739539170.6824331,1739539171.7330277,1.0620968341827393,11.281418,False
ad985f4a-948e-42cf-bbe1-cf795236ab0f,ad985f4a-948e-42cf-bbe1-cf795236ab0f_1,1739539169.6872916,1739539170.6824331,1739539171.7327466,2.045454978942871,10.281418,False
7d8a7cf9-5119-47c0-894f-8997a245c88b,7d8a7cf9-5119-47c0-894f-8997a245c88b_2,1739539170.6709309,1739539170.6824331,1739539171.7330277,1.0620968341827393,11.281418,False
ad985f4a-948e-42cf-bbe1-cf795236ab0f,ad985f4a-948e-42cf-bbe1-cf795236ab0f_2,1739539169.6872916,1739539170.6824331,1739539171.7327466,2.045454978942871,10.281418,False
ed8191ba-9c18-45ff-a2a5-cefe52e7e3b1,ed8191ba-9c18-45ff-a2a5-cefe52e7e3b1_0,1739539176.6824777,1739539177.682128,1739539179.102385,2.419907331466675,5.190029,False
9af67b5e-643e-4d17-be4d-ae44d086e374,9af67b5e-643e-4d17-be4d-ae44d086e374_0,1739539175.6690068,1739539177.682128,1739539179.1028056,3.4337987899780273,16.098841,False
ed8191ba-9c18-45ff-a2a5-cefe52e7e3b1,ed8191ba-9c18-45ff-a2a5-cefe52e7e3b1_1,1739539176.6824777,1739539177.682128,1739539179.102385,2.419907331466675,5.190029,False
dba786bc-1282-46d7-afc6-3680d79560b9,dba786bc-1282-46d7-afc6-3680d79560b9_0,1739539174.6658316,1739539177.682128,1739539179.1061704,4.440338850021362,14.098841,False
504f09f3-ffce-485d-aff0-7eb949a0df6a,504f09f3-ffce-485d-aff0-7eb949a0df6a_0,1739539172.6624334,1739539177.682128,1739539179.1084135,6.445980072021484,2.098841,False
d869bff2-7e25-4d4c-ad69-a6ee54f9626e,d869bff2-7e25-4d4c-ad69-a6ee54f9626e_0,1739539171.694284,1739539177.682128,1739539179.1127987,7.418514728546143,8.098841,False
70cb9da3-79a4-4ed7-9eae-49e0acc57b81,70cb9da3-79a4-4ed7-9eae-49e0acc57b81_0,1739539173.6676633,1739539177.682128,1739539179.112898,5.445234775543213,16.098841,False
a2123b06-362b-46c3-a3ec-55ef2382c301,a2123b06-362b-46c3-a3ec-55ef2382c301_0,1739539177.6801226,1739539177.682128,1739539181.7384002,4.058277606964111,16.374043,False
a2123b06-362b-46c3-a3ec-55ef2382c301,a2123b06-362b-46c3-a3ec-55ef2382c301_1,1739539177.6801226,1739539180.7002358,1739539181.7384002,4.058277606964111,16.374043,False
a2123b06-362b-46c3-a3ec-55ef2382c301,a2123b06-362b-46c3-a3ec-55ef2382c301_2,1739539177.6801226,1739539180.7002358,1739539181.7384002,4.058277606964111,16.374043,False
a2123b06-362b-46c3-a3ec-55ef2382c301,a2123b06-362b-46c3-a3ec-55ef2382c301_3,1739539177.6801226,1739539180.7002358,1739539181.7384002,4.058277606964111,16.374043,False
f1d80c4a-3473-44ac-98a9-cad32ebebf61,f1d80c4a-3473-44ac-98a9-cad32ebebf61_0,1739539178.6761239,1739539180.7002358,1739539181.7514563,3.0753324031829834,11.190029,False
f1d80c4a-3473-44ac-98a9-cad32ebebf61,f1d80c4a-3473-44ac-98a9-cad32ebebf61_1,1739539178.6761239,1739539180.7002358,1739539181.7514563,3.0753324031829834,11.190029,False
d000e2fa-153b-443b-b49c-1c2780b91edf,d000e2fa-153b-443b-b49c-1c2780b91edf_0,1739539179.6700196,1739539180.7002358,1739539181.8108168,2.1407971382141113,12.190029,False
d000e2fa-153b-443b-b49c-1c2780b91edf,d000e2fa-153b-443b-b49c-1c2780b91edf_1,1739539179.6700196,1739539180.7002358,1739539181.8108168,2.1407971382141113,12.190029,False
8ed42ef8-7f43-4503-9f65-ed9ceeb5c0a1,8ed42ef8-7f43-4503-9f65-ed9ceeb5c0a1_0,1739539183.6715791,1739539184.6717944,1739539185.7340066,2.062427520751953,9.190029,False
42057cd2-5288-481f-8341-c000969fa710,42057cd2-5288-481f-8341-c000969fa710_0,1739539180.6957822,1739539180.7002358,1739539185.7342677,5.038485527038574,10.374043,False
8ed42ef8-7f43-4503-9f65-ed9ceeb5c0a1,8ed42ef8-7f43-4503-9f65-ed9ceeb5c0a1_1,1739539183.6715791,1739539184.6717944,1739539185.7340066,2.062427520751953,9.190029,False
c6988bbb-9282-4eb3-9f54-560b6d1f2acf,c6988bbb-9282-4eb3-9f54-560b6d1f2acf_0,1739539182.6679523,1739539184.6717944,1739539185.7364795,3.0685272216796875,4.098841,False
42057cd2-5288-481f-8341-c000969fa710,42057cd2-5288-481f-8341-c000969fa710_1,1739539180.6957822,1739539184.6717944,1739539185.7342677,5.038485527038574,10.374043,False
42057cd2-5288-481f-8341-c000969fa710,42057cd2-5288-481f-8341-c000969fa710_2,1739539180.6957822,1739539184.6717944,1739539185.7342677,5.038485527038574,10.374043,False
42057cd2-5288-481f-8341-c000969fa710,42057cd2-5288-481f-8341-c000969fa710_3,1739539180.6957822,1739539184.6717944,1739539185.7342677,5.038485527038574,10.374043,False
7a8e3652-39b9-41bd-901d-971df252b828,7a8e3652-39b9-41bd-901d-971df252b828_0,1739539181.67523,1739539184.6717944,1739539185.741883,4.06665301322937,5.098841,False
b9b203fe-14fa-4782-9f9c-2d5b1c8ac52c,b9b203fe-14fa-4782-9f9c-2d5b1c8ac52c_0,1739539185.6740668,1739539189.7005665,1739539190.7440598,5.069993019104004,19.190029,False
b9b203fe-14fa-4782-9f9c-2d5b1c8ac52c,b9b203fe-14fa-4782-9f9c-2d5b1c8ac52c_1,1739539185.6740668,1739539189.7005665,1739539190.7440598,5.069993019104004,19.190029,False
50709604-27b8-439d-aa6b-ea38c7785ace,50709604-27b8-439d-aa6b-ea38c7785ace_0,1739539186.666182,1739539189.7005665,1739539190.7451563,4.07897424697876,8.098841,False
2e395e2e-25ce-497f-bc38-e59a08be6e29,2e395e2e-25ce-497f-bc38-e59a08be6e29_0,1739539184.6699944,1739539184.6717944,1739539190.7527893,6.082794904708862,17.190029,False
2e395e2e-25ce-497f-bc38-e59a08be6e29,2e395e2e-25ce-497f-bc38-e59a08be6e29_1,1739539184.6699944,1739539189.7005665,1739539190.7527893,6.082794904708862,17.190029,False
1f5c392b-0d5c-4559-9ba7-6ae089472d5b,1f5c392b-0d5c-4559-9ba7-6ae089472d5b_0,1739539187.6689346,1739539189.7005665,1739539190.753195,3.0842604637145996,16.190029,False
1f5c392b-0d5c-4559-9ba7-6ae089472d5b,1f5c392b-0d5c-4559-9ba7-6ae089472d5b_1,1739539187.6689346,1739539189.7005665,1739539190.753195,3.0842604637145996,16.190029,False
55dc28fc-9194-409a-8f6c-057b61bfeb45,55dc28fc-9194-409a-8f6c-057b61bfeb45_0,1739539188.6661491,1739539189.7005665,1739539190.7574577,2.09130859375,19.098841,False
cf28443b-6597-4eda-a110-4c068bae1b14,cf28443b-6597-4eda-a110-4c068bae1b14_0,1739539189.692885,1739539189.7005665,1739539193.046029,3.3531441688537598,7.281418,False
cf28443b-6597-4eda-a110-4c068bae1b14,cf28443b-6597-4eda-a110-4c068bae1b14_1,1739539189.692885,1739539191.688282,1739539193.046029,3.3531441688537598,7.281418,False
fd384350-64c2-4234-9b1d-01e079383265,fd384350-64c2-4234-9b1d-01e079383265_0,1739539190.6760943,1739539191.688282,1739539193.046744,2.370649814605713,10.281418,False
fd384350-64c2-4234-9b1d-01e079383265,fd384350-64c2-4234-9b1d-01e079383265_1,1739539190.6760943,1739539191.688282,1739539193.046744,2.370649814605713,10.281418,False
cf28443b-6597-4eda-a110-4c068bae1b14,cf28443b-6597-4eda-a110-4c068bae1b14_2,1739539189.692885,1739539191.688282,1739539193.046029,3.3531441688537598,7.281418,False
fd384350-64c2-4234-9b1d-01e079383265,fd384350-64c2-4234-9b1d-01e079383265_2,1739539190.6760943,1739539191.688282,1739539193.046744,2.370649814605713,10.281418,False
fc20e298-9826-458d-b208-63406fe70e46,fc20e298-9826-458d-b208-63406fe70e46_0,1739539192.6745012,1739539194.6770408,1739539195.8412824,3.166781187057495,9.281418,False
fc20e298-9826-458d-b208-63406fe70e46,fc20e298-9826-458d-b208-63406fe70e46_1,1739539192.6745012,1739539194.6770408,1739539195.8412824,3.166781187057495,9.281418,False
fc20e298-9826-458d-b208-63406fe70e46,fc20e298-9826-458d-b208-63406fe70e46_2,1739539192.6745012,1739539194.6770408,1739539195.8412824,3.166781187057495,9.281418,False
c15fb733-ced1-4141-bcee-200a1ef87420,c15fb733-ced1-4141-bcee-200a1ef87420_0,1739539191.6853476,1739539191.688282,1739539195.8418276,4.156480073928833,14.374043,False
c15fb733-ced1-4141-bcee-200a1ef87420,c15fb733-ced1-4141-bcee-200a1ef87420_1,1739539191.6853476,1739539191.688282,1739539195.8418276,4.156480073928833,14.374043,False
c15fb733-ced1-4141-bcee-200a1ef87420,c15fb733-ced1-4141-bcee-200a1ef87420_2,1739539191.6853476,1739539191.688282,1739539195.8418276,4.156480073928833,14.374043,False
c15fb733-ced1-4141-bcee-200a1ef87420,c15fb733-ced1-4141-bcee-200a1ef87420_3,1739539191.6853476,1739539194.6770408,1739539195.8418276,4.156480073928833,14.374043,False
937685b0-7ef2-4f87-b81a-d4d00dd03b4f,937685b0-7ef2-4f87-b81a-d4d00dd03b4f_0,1739539194.6734412,1739539194.6770408,1739539195.8463266,1.1728854179382324,15.098841,False
e3fe7467-11c3-474d-bf5b-37b430113650,e3fe7467-11c3-474d-bf5b-37b430113650_0,1739539193.674246,1739539194.6770408,1739539195.8511205,2.1768743991851807,19.281418,False
e3fe7467-11c3-474d-bf5b-37b430113650,e3fe7467-11c3-474d-bf5b-37b430113650_1,1739539193.674246,1739539194.6770408,1739539195.8511205,2.1768743991851807,19.281418,False
e3fe7467-11c3-474d-bf5b-37b430113650,e3fe7467-11c3-474d-bf5b-37b430113650_2,1739539193.674246,1739539194.6770408,1739539195.8511205,2.1768743991851807,19.281418,False
65dd4ace-0ded-44a3-bb3c-dcc967ed2392,65dd4ace-0ded-44a3-bb3c-dcc967ed2392_0,1739539195.6680574,1739539199.6700528,1739539200.736071,5.068013668060303,10.098841,False
f9871174-adf5-4cde-ad43-2898f3fa80ba,f9871174-adf5-4cde-ad43-2898f3fa80ba_0,1739539196.6698222,1739539199.6700528,1739539200.7421668,4.072344541549683,5.190029,False
f9871174-adf5-4cde-ad43-2898f3fa80ba,f9871174-adf5-4cde-ad43-2898f3fa80ba_1,1739539196.6698222,1739539199.6700528,1739539200.7421668,4.072344541549683,5.190029,False
26d1dca0-a83f-42bd-bccd-c06b47e189fe,26d1dca0-a83f-42bd-bccd-c06b47e189fe_0,1739539197.6671393,1739539199.6700528,1739539200.7502415,3.083102226257324,11.098841,False
326baea5-9977-4a3a-96e1-5e8186018a00,326baea5-9977-4a3a-96e1-5e8186018a00_0,1739539198.675345,1739539199.6700528,1739539200.7694883,2.0941433906555176,9.281418,False
326baea5-9977-4a3a-96e1-5e8186018a00,326baea5-9977-4a3a-96e1-5e8186018a00_1,1739539198.675345,1739539199.6700528,1739539200.7694883,2.0941433906555176,9.281418,False
326baea5-9977-4a3a-96e1-5e8186018a00,326baea5-9977-4a3a-96e1-5e8186018a00_2,1739539198.675345,1739539199.6700528,1739539200.7694883,2.0941433906555176,9.281418,False
9130b258-18a5-4b96-9510-282b01ce504b,9130b258-18a5-4b96-9510-282b01ce504b_0,1739539200.685505,1739539214.772742,1739539215.7905042,15.104999303817749,13.098841,False
8906d676-9325-4ab5-93dd-d34386b7e8bf,8906d676-9325-4ab5-93dd-d34386b7e8bf_0,1739539199.6679194,1739539199.6700528,1739539215.7907267,16.122807264328003,19.190029,False
8906d676-9325-4ab5-93dd-d34386b7e8bf,8906d676-9325-4ab5-93dd-d34386b7e8bf_1,1739539199.6679194,1739539214.772742,1739539215.7907267,16.122807264328003,19.190029,False
