scheduler_type;throughput_level;scenario_id;timestamp;device;num_requests;num_frames;mean_excess_latency_s;mean_percent_excess;total_energy_j;requests_per_joule;frames_per_joule;max_temperature_c;mean_temperature_c;min_temperature_c;max_gpu_freq_mhz;avg_gpu_freq_mhz;min_gpu_freq_mhz;num_time_out;percent_time_out;percent_requests_within_constraint;percent_frames_within_constraint;percent_completed_frames_within_constraint
loud_pred;40;t40_s0;2025-09-27_15:53:18;agx;1964;1964;0,0;0,0;2005,4442000000001;0,9793341544980408;0,9793341544980408;43,5;41,98447893569845;41,0;1032;578,7257945306726;114;0;0,0;100,0;100,0;100,0
loud_pred;40;t40_s0;2025-09-27_15:53:18;nano0;1964;1964;0,0;0,0;319,3086;6,150789549670757;6,150789549670757;23,0;21,660237388724035;20,5;76;76,0;76;0;0,0;100,0;100,0;100,0
loud_pred;40;t40_s0;2025-09-27_15:53:18;nano1;1964;1964;0,0;0,0;323,418;6,0726366497844895;6,0726366497844895;26,5;25,397331356560414;24,5;76;76,0;76;0;0,0;100,0;100,0;100,0
loud_pred;40;t40_s0;2025-09-27_15:53:18;nx0;1964;1964;0,0;0,0;947,8282;2,072105472278626;2,072105472278626;43,0;41,9713400464756;41,0;1007;238,69481022463208;114;0;0,0;100,0;100,0;100,0
loud_pred;40;t40_s0;2025-09-27_15:53:18;nx1;1964;1964;0,0;0,0;795,7408;2,4681403793798182;2,4681403793798182;41,5;40,36473807662236;39,5;114;114,0;114;0;0,0;100,0;100,0;100,0
loud_pred;40;t40_s1;2025-09-27_16:08:13;agx;3298;3298;0,817143508793208;5,375609082757161;2369,61;1,3917902102033668;1,3917902102033668;46,0;43,937752355316285;42,5;1032;701,1110363391656;114;0;0,0;89,1146149181322;89,1146149181322;89,1146149181322
loud_pred;40;t40_s1;2025-09-27_16:08:13;nano0;3298;3298;0,817143508793208;5,375609082757161;434,79760000000005;7,585138464425746;7,585138464425746;25,5;23,00842886041807;21,5;921;134,10519217801755;76;0;0,0;89,1146149181322;89,1146149181322;89,1146149181322
loud_pred;40;t40_s1;2025-09-27_16:08:13;nano1;3298;3298;0,817143508793208;5,375609082757161;498,287;6,618675582545802;6,618675582545802;30,0;26,323863636363637;25,0;921;169,23596256684493;76;0;0,0;89,1146149181322;89,1146149181322;89,1146149181322
loud_pred;40;t40_s1;2025-09-27_16:08:13;nx0;3298;3298;0,817143508793208;5,375609082757161;1243,8176;2,6515141769982993;2,6515141769982993;47,0;44,289308176100626;39,5;1007;313,9699510831586;114;0;0,0;89,1146149181322;89,1146149181322;89,1146149181322
loud_pred;40;t40_s1;2025-09-27_16:08:13;nx1;3298;3298;0,817143508793208;5,375609082757161;1049,6374;3,142037431211959;3,142037431211959;44,0;41,827330508474574;41,0;1007;204,34957627118644;114;0;0,0;89,1146149181322;89,1146149181322;89,1146149181322
loud_pred;40;t40_s2;2025-09-27_16:24:13;agx;1273;1273;0,0;0,0;1644,343;0,7741693795029382;0,7741693795029382;45,0;44,0739773716275;43,5;1032;591,2053959965187;114;0;0,0;100,0;100,0;100,0
loud_pred;40;t40_s2;2025-09-27_16:24:13;nano0;1273;1273;0,0;0,0;273,948;4,646867288682524;4,646867288682524;24,5;22,443330427201396;21,5;76;76,0;76;0;0,0;100,0;100,0;100,0
loud_pred;40;t40_s2;2025-09-27_16:24:13;nano1;1273;1273;0,0;0,0;282,35540000000003;4,508502405124888;4,508502405124888;28,0;26,32913043478261;25,5;76;76,0;76;0;0,0;100,0;100,0;100,0
loud_pred;40;t40_s2;2025-09-27_16:24:13;nx0;1273;1273;0,0;0,0;781,4736000000001;1,628973774673898;1,628973774673898;42,5;40,64592863677951;39,5;1007;207,53796889295518;114;0;0,0;100,0;100,0;100,0
loud_pred;40;t40_s2;2025-09-27_16:24:13;nx1;1273;1273;0,0;0,0;692,0482000000001;1,839467250980495;1,839467250980495;43,0;41,497262773722625;41,0;114;114,0;114;0;0,0;100,0;100,0;100,0
loud_pred;40;t40_s3;2025-09-27_16:37:41;agx;3815;3815;0,9674545001310615;8,200717015739073;2069,4646000000002;1,8434719782111757;1,8434719782111757;47,5;44,80546357615894;43,5;1032;814,5438741721854;114;0;0,0;83,59108781127131;83,59108781127131;83,59108781127131
loud_pred;40;t40_s3;2025-09-27_16:37:41;nano0;3815;3815;0,9674545001310615;8,200717015739073;442,473;8,621995014385059;8,621995014385059;24,5;22,849630238290878;22,0;921;228,16762530813475;76;0;0,0;83,59108781127131;83,59108781127131;83,59108781127131
loud_pred;40;t40_s3;2025-09-27_16:37:41;nano1;3815;3815;0,9674545001310615;8,200717015739073;421,521;9,050557386227496;9,050557386227496;28,5;26,24856439704676;25,5;921;233,0762920426579;76;0;0,0;83,59108781127131;83,59108781127131;83,59108781127131
loud_pred;40;t40_s3;2025-09-27_16:37:41;nx0;3815;3815;0,9674545001310615;8,200717015739073;1648,4624000000001;2,3142778385482132;2,3142778385482132;47,5;43,21770917952884;38,5;1007;853,4670999187653;114;0;0,0;83,59108781127131;83,59108781127131;83,59108781127131
loud_pred;40;t40_s3;2025-09-27_16:37:41;nx1;3815;3815;0,9674545001310615;8,200717015739073;1228,8556;3,104514476721268;3,104514476721268;45,0;42,35667215815486;41,0;1007;501,73970345963755;114;0;0,0;83,59108781127131;83,59108781127131;83,59108781127131
loud_pred;40;t40_s4;2025-09-27_16:51:41;agx;1352;1352;0,0040426937869822484;0,401482074442337;1851,6002;0,7301792255153137;0,7301792255153137;45,5;43,667852062588906;43,0;1032;409,9829302987198;114;0;0,0;99,77810650887574;99,77810650887574;99,77810650887574
loud_pred;40;t40_s4;2025-09-27_16:51:41;nano0;1352;1352;0,0040426937869822484;0,401482074442337;330,04460000000006;4,096416060132478;4,096416060132478;24,0;22,056549749463134;21,0;76;76,0;76;0;0,0;99,77810650887574;99,77810650887574;99,77810650887574
loud_pred;40;t40_s4;2025-09-27_16:51:41;nano1;1352;1352;0,0040426937869822484;0,401482074442337;334,25440000000003;4,044823344135485;4,044823344135485;28,0;26,34053275737941;25,0;76;76,0;76;0;0,0;99,77810650887574;99,77810650887574;99,77810650887574
loud_pred;40;t40_s4;2025-09-27_16:51:41;nx0;1352;1352;0,0040426937869822484;0,401482074442337;1628,3886;0,8302686471767243;0,8302686471767243;47,0;43,75426136363637;38,5;1007;656,5056818181819;114;0;0,0;99,77810650887574;99,77810650887574;99,77810650887574
loud_pred;40;t40_s4;2025-09-27_16:51:41;nx1;1352;1352;0,0040426937869822484;0,401482074442337;910,5086000000001;1,4848843822013322;1,4848843822013322;44,0;41,71044776119403;40,0;905;214,9410447761194;114;0;0,0;99,77810650887574;99,77810650887574;99,77810650887574
loud_prof;40;t40_s0;2025-09-27_16:00:46;agx;1964;1964;0,0;0,0;1976,2384000000002;0,9938072248773224;0,9938072248773224;44,5;42,77014042867702;41,5;905;515,0539541759053;114;0;0,0;100,0;100,0;100,0
loud_prof;40;t40_s0;2025-09-27_16:00:46;nano0;1964;1964;0,0;0,0;320,843;6,121374005354643;6,121374005354643;23,5;22,37230883444692;21,5;76;76,0;76;0;0,0;100,0;100,0;100,0
loud_prof;40;t40_s0;2025-09-27_16:00:46;nano1;1964;1964;0,0;0,0;324,1804;6,0583551627427195;6,0583551627427195;27,0;25,664444444444445;25,0;76;76,0;76;0;0,0;100,0;100,0;100,0
loud_prof;40;t40_s0;2025-09-27_16:00:46;nx0;1964;1964;0,0;0,0;1128,0924000000002;1,740992138587229;1,740992138587229;45,0;43,51626323751891;42,5;1007;410,1369137670197;114;0;0,0;100,0;100,0;100,0
loud_prof;40;t40_s0;2025-09-27_16:00:46;nx1;1964;1964;0,0;0,0;804,157;2,442309151073733;2,442309151073733;42,0;40,925390625;40,0;1007;132,1390625;114;0;0,0;100,0;100,0;100,0
loud_prof;40;t40_s1;2025-09-27_16:16:15;agx;3298;3298;0,8286117598544573;5,308730467967023;2499,0262000000002;1,3197140550187108;1,3197140550187108;49,5;44,34203389830508;42,5;1377;647,52;114;0;0,0;85,961188599151;85,961188599151;85,961188599151
loud_prof;40;t40_s1;2025-09-27_16:16:15;nano0;3298;3298;0,8286117598544573;5,308730467967023;460,0502;7,168782884998202;7,168782884998202;26,5;22,941276306856754;21,5;921;136,71147318397828;76;0;0,0;85,961188599151;85,961188599151;85,961188599151
loud_prof;40;t40_s1;2025-09-27_16:16:15;nano1;3298;3298;0,8286117598544573;5,308730467967023;458,01140000000004;7,200694131194114;7,200694131194114;30,0;26,68469387755102;26,0;921;136,46938775510205;76;0;0,0;85,961188599151;85,961188599151;85,961188599151
loud_prof;40;t40_s1;2025-09-27_16:16:15;nx0;3298;3298;0,8286117598544573;5,308730467967023;1385,2676000000001;2,380767441612003;2,380767441612003;47,0;42,690807799442894;40,0;1007;446,4700557103064;114;0;0,0;85,961188599151;85,961188599151;85,961188599151
loud_prof;40;t40_s1;2025-09-27_16:16:15;nx1;3298;3298;0,8286117598544573;5,308730467967023;1147,031;2,8752492304044095;2,8752492304044095;45,0;42,16058906030855;41,0;1007;236,16970546984572;114;0;0,0;85,961188599151;85,961188599151;85,961188599151
loud_prof;40;t40_s2;2025-09-27_16:30:55;agx;1273;1273;0,0;0,0;1651,1258;0,77098910331363;0,77098910331363;45,5;43,932282793867124;43,5;905;541,1669505962521;114;0;0,0;100,0;100,0;100,0
loud_prof;40;t40_s2;2025-09-27_16:30:55;nano0;1273;1273;0,0;0,0;276,5562;4,603042708859899;4,603042708859899;23,5;21,822898799313894;21,0;76;76,0;76;0;0,0;100,0;100,0;100,0
loud_prof;40;t40_s2;2025-09-27_16:30:55;nano1;1273;1273;0,0;0,0;282,34760000000006;4,508626954859896;4,508626954859896;27,0;25,90401023890785;25,0;76;76,0;76;0;0,0;100,0;100,0;100,0
loud_prof;40;t40_s2;2025-09-27_16:30:55;nx0;1273;1273;0,0;0,0;852,3806000000001;1,4934643045606621;1,4934643045606621;43,5;42,18125;41,5;1007;255,12589285714284;114;0;0,0;100,0;100,0;100,0
loud_prof;40;t40_s2;2025-09-27_16:30:55;nx1;1273;1273;0,0;0,0;720,6802;1,7663868106824636;1,7663868106824636;42,5;41,07040998217469;40,0;1007;138,67290552584672;114;0;0,0;100,0;100,0;100,0
loud_prof;40;t40_s3;2025-09-27_16:44:39;agx;3815;3815;1,0494828393184799;9,0298494908691;2048,2778;1,8625403253406352;1,8625403253406352;47,0;44,760098928276996;43,5;1032;754,6586974443528;114;0;0,0;83,82699868938401;83,82699868938401;83,82699868938401
loud_prof;40;t40_s3;2025-09-27_16:44:39;nano0;3815;3815;1,0494828393184799;9,0298494908691;468,09580000000005;8,150041081334205;8,150041081334205;27,0;22,98357963875205;21,5;921;277,4433497536946;76;0;0,0;83,82699868938401;83,82699868938401;83,82699868938401
loud_prof;40;t40_s3;2025-09-27_16:44:39;nano1;3815;3815;1,0494828393184799;9,0298494908691;432,9026;8,812605884094944;8,812605884094944;29,5;26,50653594771242;25,5;921;231,11601307189542;76;0;0,0;83,82699868938401;83,82699868938401;83,82699868938401
loud_prof;40;t40_s3;2025-09-27_16:44:39;nx0;3815;3815;1,0494828393184799;9,0298494908691;1750,1214000000002;2,1798487807760076;2,1798487807760076;47,5;44,35429936305732;41,5;1109;897,8081210191083;114;0;0,0;83,82699868938401;83,82699868938401;83,82699868938401
loud_prof;40;t40_s3;2025-09-27_16:44:39;nx1;3815;3815;1,0494828393184799;9,0298494908691;1090,5714;3,4981661906776575;3,4981661906776575;45,0;42,51871880199667;41,0;1007;456,8594009983361;114;0;0,0;83,82699868938401;83,82699868938401;83,82699868938401
loud_prof;40;t40_s4;2025-09-27_16:59:19;agx;1352;1352;0,0685095650887574;3,3105137025980342;2038,5976;0,6632010162280187;0,6632010162280187;46,0;43,354607508532425;42,5;1032;316,93788395904437;114;0;0,0;95,85798816568047;95,85798816568047;95,85798816568047
loud_prof;40;t40_s4;2025-09-27_16:59:19;nano0;1352;1352;0,0685095650887574;3,3105137025980342;392,1138;3,44797862253254;3,44797862253254;24,0;22,47563486616335;21,5;921;111,12422786547701;76;0;0,0;95,85798816568047;95,85798816568047;95,85798816568047
loud_prof;40;t40_s4;2025-09-27_16:59:19;nano1;1352;1352;0,0685095650887574;3,3105137025980342;395,7604;3,4162083927548084;3,4162083927548084;28,0;26,0218878248974;25,0;921;110,3782489740082;76;0;0,0;95,85798816568047;95,85798816568047;95,85798816568047
loud_prof;40;t40_s4;2025-09-27_16:59:19;nx0;1352;1352;0,0685095650887574;3,3105137025980342;1566,0486;0,8633193120571098;0,8633193120571098;47,0;44,327621658670324;41,5;1007;580,9862919808088;114;0;0,0;95,85798816568047;95,85798816568047;95,85798816568047
loud_prof;40;t40_s4;2025-09-27_16:59:19;nx1;1352;1352;0,0685095650887574;3,3105137025980342;961,7564;1,4057613757496181;1,4057613757496181;42,0;41,300213675213676;41,0;1007;181,47507122507122;114;0;0,0;95,85798816568047;95,85798816568047;95,85798816568047
loud_pred;50;t50_s0;2025-09-27_17:07:12;agx;1518;1518;0,0011921119894598153;0,1183884555034244;1923,1692000000003;0,7893221251671458;0,7893221251671458;44,5;43,00069783670621;42,5;1032;488,0369853454292;114;0;0,0;99,67061923583663;99,67061923583663;99,67061923583663
loud_pred;50;t50_s0;2025-09-27_17:07:12;nano0;1518;1518;0,0011921119894598153;0,1183884555034244;337,7354;4,494642847625685;4,494642847625685;23,5;22,56144662921348;21,5;76;76,0;76;0;0,0;99,67061923583663;99,67061923583663;99,67061923583663
loud_pred;50;t50_s0;2025-09-27_17:07:12;nano1;1518;1518;0,0011921119894598153;0,1183884555034244;346,94;4,375396322130628;4,375396322130628;27,5;26,073509015256587;25,5;76;76,0;76;0;0,0;99,67061923583663;99,67061923583663;99,67061923583663
loud_pred;50;t50_s0;2025-09-27_17:07:12;nx0;1518;1518;0,0011921119894598153;0,1183884555034244;1562,9124000000002;0,9712636485576542;0,9712636485576542;47,0;44,416550279329606;41,0;1007;652,6194134078212;114;0;0,0;99,67061923583663;99,67061923583663;99,67061923583663
loud_pred;50;t50_s0;2025-09-27_17:07:12;nx1;1518;1518;0,0011921119894598153;0,1183884555034244;960,1194;1,5810533564887865;1,5810533564887865;42,5;41,45395683453238;40,5;905;206,1884892086331;114;0;0,0;99,67061923583663;99,67061923583663;99,67061923583663
loud_pred;50;t50_s1;2025-09-27_17:22:51;agx;2454;2454;1,074920328443358;20,07465804963617;2520,3862000000004;0,9736603065038206;0,9736603065038206;45,0;42,62638274336283;42,0;1032;438,3241150442478;114;0;0,0;72,08638956805216;72,08638956805216;72,08638956805216
loud_pred;50;t50_s1;2025-09-27_17:22:51;nano0;2454;2454;1,074920328443358;20,07465804963617;639,2254;3,8390214156070765;3,8390214156070765;24,5;21,997520661157026;20,5;921;187,85840220385674;76;0;0,0;72,08638956805216;72,08638956805216;72,08638956805216
loud_pred;50;t50_s1;2025-09-27_17:22:51;nano1;2454;2454;1,074920328443358;20,07465804963617;640,262;3,832805945066239;3,832805945066239;29,5;26,29950495049505;25,0;921;187,03850385038504;76;0;0,0;72,08638956805216;72,08638956805216;72,08638956805216
loud_pred;50;t50_s1;2025-09-27_17:22:51;nx0;2454;2454;1,074920328443358;20,07465804963617;1909,3358;1,2852637026970322;1,2852637026970322;47,0;44,55633017289459;39,0;1007;591,7886224205242;114;0;0,0;72,08638956805216;72,08638956805216;72,08638956805216
loud_pred;50;t50_s1;2025-09-27_17:22:51;nx1;2454;2454;1,074920328443358;20,07465804963617;1382,1962;1,7754353542572319;1,7754353542572319;43,0;41,180911680911684;40,0;1007;294,77150997151;114;0;0,0;72,08638956805216;72,08638956805216;72,08638956805216
loud_pred;50;t50_s2;2025-09-27_17:41:12;agx;3130;3130;2,1850459987220447;18,366214504189188;2276,4032;1,3749761026517622;1,3749761026517622;45,0;43,20857699805068;42,5;1032;580,3385315139701;114;0;0,0;75,23961661341852;75,23961661341852;75,23961661341852
loud_pred;50;t50_s2;2025-09-27_17:41:12;nano0;3130;3130;2,1850459987220447;18,366214504189188;545,4556;5,73832223924367;5,73832223924367;25,5;22,88164721141375;22,0;921;214,6147859922179;76;0;0,0;75,23961661341852;75,23961661341852;75,23961661341852
loud_pred;50;t50_s2;2025-09-27_17:41:12;nano1;3130;3130;2,1850459987220447;18,366214504189188;549,1298;5,699927412425987;5,699927412425987;29,5;26,842598577892694;25,5;921;202,05171299288946;76;0;0,0;75,23961661341852;75,23961661341852;75,23961661341852
loud_pred;50;t50_s2;2025-09-27_17:41:12;nx0;3130;3130;2,1850459987220447;18,366214504189188;1588,342;1,9706083450541507;1,9706083450541507;47,0;43,49470899470899;41,5;1007;486,9325396825397;114;0;0,0;75,23961661341852;75,23961661341852;75,23961661341852
loud_pred;50;t50_s2;2025-09-27_17:41:12;nx1;3130;3130;2,1850459987220447;18,366214504189188;1271,5072000000002;2,461645518012009;2,461645518012009;44,0;41,87358616101131;40,5;1007;310,07784431137725;114;0;0,0;75,23961661341852;75,23961661341852;75,23961661341852
loud_pred;50;t50_s3;2025-09-27_17:58:06;agx;2843;2843;0,28344031621526566;2,1827313610834236;2363,3;1,2029788854567764;1,2029788854567764;46,5;44,542367399741266;43,5;1032;638,7755498059508;114;0;0,0;89,55328877945831;89,55328877945831;89,55328877945831
loud_pred;50;t50_s3;2025-09-27_17:58:06;nano0;2843;2843;0,28344031621526566;2,1827313610834236;490,674;5,794071012525628;5,794071012525628;25,5;23,210078534031414;22,0;921;146,06806282722513;76;0;0,0;89,55328877945831;89,55328877945831;89,55328877945831
loud_pred;50;t50_s3;2025-09-27_17:58:06;nano1;2843;2843;0,28344031621526566;2,1827313610834236;494,77380000000005;5,746060118785594;5,746060118785594;30,0;27,091823491239456;26,5;921;151,1953277092797;76;0;0,0;89,55328877945831;89,55328877945831;89,55328877945831
loud_pred;50;t50_s3;2025-09-27_17:58:06;nx0;2843;2843;0,28344031621526566;2,1827313610834236;1571,3872000000001;1,8092294502589812;1,8092294502589812;47,0;44,58986175115207;38,0;1007;547,3752468729427;114;0;0,0;89,55328877945831;89,55328877945831;89,55328877945831
loud_pred;50;t50_s3;2025-09-27_17:58:06;nx1;2843;2843;0,28344031621526566;2,1827313610834236;1128,9642;2,518237513643037;2,518237513643037;44,5;42,83152542372881;41,5;1007;240,73898305084745;114;0;0,0;89,55328877945831;89,55328877945831;89,55328877945831
loud_pred;50;t50_s4;2025-09-27_18:14:15;agx;2696;2696;0,0;0,0;1999,0146000000002;1,348664486992741;1,348664486992741;46,0;44,52232854864434;43,5;1032;632,6299840510367;114;0;0,0;100,0;100,0;100,0
loud_pred;50;t50_s4;2025-09-27_18:14:15;nano0;2696;2696;0,0;0,0;305,6716;8,819923080848858;8,819923080848858;24,0;22,265587044534414;21,5;691;87,64048582995952;76;0;0,0;100,0;100,0;100,0
loud_pred;50;t50_s4;2025-09-27_18:14:15;nano1;2696;2696;0,0;0,0;303,34560000000005;8,887552679188357;8,887552679188357;27,5;26,12;25,5;76;76,0;76;0;0,0;100,0;100,0;100,0
loud_pred;50;t50_s4;2025-09-27_18:14:15;nx0;2696;2696;0,0;0,0;944,1898;2,855358107024668;2,855358107024668;43,5;41,02408637873754;39,0;1007;301,1702657807309;114;0;0,0;100,0;100,0;100,0
loud_pred;50;t50_s4;2025-09-27_18:14:15;nx1;2696;2696;0,0;0,0;821,6158;3,2813390394877993;3,2813390394877993;43,0;41,47541666666667;41,0;1007;169,06833333333333;114;0;0,0;100,0;100,0;100,0
loud_prof;50;t50_s0;2025-09-27_17:15:05;agx;1518;1518;0,0018774993412384714;0,17236057951496345;1850,7064;0,8202273467039396;0,8202273467039396;44,0;42,50985915492958;42,0;1032;325,66338028169014;114;0;0,0;99,80237154150198;99,80237154150198;99,80237154150198
loud_prof;50;t50_s0;2025-09-27_17:15:05;nano0;1518;1518;0,0018774993412384714;0,17236057951496345;333,934;4,545808453167392;4,545808453167392;24,5;22,24148936170213;21,0;76;76,0;76;0;0,0;99,80237154150198;99,80237154150198;99,80237154150198
loud_prof;50;t50_s0;2025-09-27_17:15:05;nano1;1518;1518;0,0018774993412384714;0,17236057951496345;339,1134;4,47637869809922;4,47637869809922;27,0;25,83722576079264;25,0;76;76,0;76;0;0,0;99,80237154150198;99,80237154150198;99,80237154150198
loud_prof;50;t50_s0;2025-09-27_17:15:05;nx0;1518;1518;0,0018774993412384714;0,17236057951496345;1653,6738;0,9179561289536062;0,9179561289536062;47,0;43,960323033707866;41,0;1007;758,3658707865169;114;0;0,0;99,80237154150198;99,80237154150198;99,80237154150198
loud_prof;50;t50_s0;2025-09-27_17:15:05;nx1;1518;1518;0,0018774993412384714;0,17236057951496345;907,8008000000001;1,6721730141678657;1,6721730141678657;42,0;40,98119469026549;40,5;1007;199,4646017699115;114;0;0,0;99,80237154150198;99,80237154150198;99,80237154150198
loud_prof;50;t50_s1;2025-09-27_17:32:02;agx;2454;2454;1,3777715415647926;20,02685585633169;2519,2694000000006;0,9740919331612568;0,9740919331612568;45,0;42,687740516767455;42,0;1032;366,44145134689387;114;0;0,0;75,2241238793806;75,2241238793806;75,2241238793806
loud_prof;50;t50_s1;2025-09-27_17:32:02;nano0;2454;2454;1,3777715415647926;20,02685585633169;597,1344;4,109627581328424;4,109627581328424;25,0;22,800714678394723;21,0;921;163,89224848818031;76;0;0,0;75,2241238793806;75,2241238793806;75,2241238793806
loud_prof;50;t50_s1;2025-09-27_17:32:02;nano1;2454;2454;1,3777715415647926;20,02685585633169;609,1984;4,028244328941113;4,028244328941113;29,5;26,53366174055829;25,0;921;171,03174603174602;76;0;0,0;75,2241238793806;75,2241238793806;75,2241238793806
loud_prof;50;t50_s1;2025-09-27_17:32:02;nx0;2454;2454;1,3777715415647926;20,02685585633169;2012,626;1,2193025430457523;1,2193025430457523;47,0;42,741846323935874;38,0;1109;647,2802653399668;114;0;0,0;75,2241238793806;75,2241238793806;75,2241238793806
loud_prof;50;t50_s1;2025-09-27_17:32:02;nx1;2454;2454;1,3777715415647926;20,02685585633169;1295,519;1,8942215436438987;1,8942215436438987;42,5;41,215720022948936;40,0;1109;244,2960413080895;114;0;0,0;75,2241238793806;75,2241238793806;75,2241238793806
loud_prof;50;t50_s2;2025-09-27_17:49:26;agx;3130;3130;1,9714035226837063;17,244372392937233;2616,1964000000003;1,1963933594587928;1,1963933594587928;48,5;44,23955178679588;43,0;1377;554,9030890369473;114;0;0,0;71,4696485623003;71,4696485623003;71,4696485623003
loud_prof;50;t50_s2;2025-09-27_17:49:26;nano0;3130;3130;1,9714035226837063;17,244372392937233;597,2922000000001;5,240316213739272;5,240316213739272;26,0;23,48033877797943;22,5;921;185,7858439201452;76;0;0,0;71,4696485623003;71,4696485623003;71,4696485623003
loud_prof;50;t50_s2;2025-09-27_17:49:26;nano1;3130;3130;1,9714035226837063;17,244372392937233;572,771;5,464662142461822;5,464662142461822;30,0;27,287869643934823;26,0;921;166,7495473747737;76;0;0,0;71,4696485623003;71,4696485623003;71,4696485623003
loud_prof;50;t50_s2;2025-09-27_17:49:26;nx0;3130;3130;1,9714035226837063;17,244372392937233;1793,3274000000001;1,745358934458928;1,745358934458928;47,0;43,10140931372549;38,0;1109;590,3143382352941;114;0;0,0;71,4696485623003;71,4696485623003;71,4696485623003
loud_prof;50;t50_s2;2025-09-27_17:49:26;nx1;3130;3130;1,9714035226837063;17,244372392937233;1349,5862000000002;2,319229405279929;2,319229405279929;44,5;42,7988184079602;41,0;1007;300,2904228855721;114;0;0,0;71,4696485623003;71,4696485623003;71,4696485623003
loud_prof;50;t50_s3;2025-09-27_18:06:16;agx;2843;2843;0,24753131410481882;1,9965274487412232;2331,4962;1,2193886483709473;1,2193886483709473;48,0;44,35140562248996;43,0;1377;587,4598393574297;114;0;0,0;87,72423496306718;87,72423496306718;87,72423496306718
loud_prof;50;t50_s3;2025-09-27_18:06:16;nano0;2843;2843;0,24753131410481882;1,9965274487412232;432,6492;6,5711435500169655;6,5711435500169655;25,5;22,58221476510067;21,5;921;135,03959731543625;76;0;0,0;87,72423496306718;87,72423496306718;87,72423496306718
loud_prof;50;t50_s3;2025-09-27_18:06:16;nano1;2843;2843;0,24753131410481882;1,9965274487412232;431,155;6,5939163409910595;6,5939163409910595;29,0;26,54088471849866;26,0;921;117,40214477211796;76;0;0,0;87,72423496306718;87,72423496306718;87,72423496306718
loud_prof;50;t50_s3;2025-09-27_18:06:16;nx0;2843;2843;0,24753131410481882;1,9965274487412232;1676,3628;1,6959336010080872;1,6959336010080872;47,5;43,19706078824315;39,0;1007;687,1649966599866;114;0;0,0;87,72423496306718;87,72423496306718;87,72423496306718
loud_prof;50;t50_s3;2025-09-27_18:06:16;nx1;2843;2843;0,24753131410481882;1,9965274487412232;1154,1364;2,4633136949844054;2,4633136949844054;44,0;42,070985527222604;41,0;1007;316,83804272915233;114;0;0,0;87,72423496306718;87,72423496306718;87,72423496306718
loud_prof;50;t50_s4;2025-09-27_18:21:24;agx;2696;2696;0,0;0,0;1938,538;1,390738793874559;1,390738793874559;46,5;44,152282157676346;43,5;1032;647,0315352697096;114;0;0,0;100,0;100,0;100,0
loud_prof;50;t50_s4;2025-09-27_18:21:24;nano0;2696;2696;0,0;0,0;303,589;8,88042715645165;8,88042715645165;22,5;21,01796157059315;20,0;614;92,82289055973267;76;0;0,0;100,0;100,0;100,0
loud_prof;50;t50_s4;2025-09-27_18:21:24;nano1;2696;2696;0,0;0,0;307,5226;8,766835348036208;8,766835348036208;27,0;25,566500415627598;24,5;614;88,07481296758105;76;0;0,0;100,0;100,0;100,0
loud_prof;50;t50_s4;2025-09-27_18:21:24;nx0;2696;2696;0,0;0,0;901,4644000000001;2,9906893716490632;2,9906893716490632;43,0;41,64291882556131;41,0;1007;284,58635578583767;114;0;0,0;100,0;100,0;100,0
loud_prof;50;t50_s4;2025-09-27_18:21:24;nx1;2696;2696;0,0;0,0;789,7144000000001;3,4138924147767846;3,4138924147767846;42,5;40,521907216494846;39,5;1007;173,95103092783506;114;0;0,0;100,0;100,0;100,0
loud_pred;60;t60_s0;2025-09-27_18:28:25;agx;1938;1938;0,0;0,0;1694,3524000000002;1,1437998376252778;1,1437998376252778;45,5;44,23013698630137;43,0;1032;670,6264840182648;114;0;0,0;100,0;100,0;100,0
loud_pred;60;t60_s0;2025-09-27_18:28:25;nano0;1938;1938;0,0;0,0;257,64480000000003;7,52198375437812;7,52198375437812;23,0;22,072677092916283;21,5;76;76,0;76;0;0,0;100,0;100,0;100,0
loud_pred;60;t60_s0;2025-09-27_18:28:25;nano1;1938;1938;0,0;0,0;264,3924;7,330014024608877;7,330014024608877;27,5;25,562901744719927;25,0;76;76,0;76;0;0,0;100,0;100,0;100,0
loud_pred;60;t60_s0;2025-09-27_18:28:25;nx0;1938;1938;0,0;0,0;770,4076000000001;2,5155515080588504;2,5155515080588504;43,5;42,593869731800766;42,0;1007;217,01628352490422;114;0;0,0;100,0;100,0;100,0
loud_pred;60;t60_s0;2025-09-27_18:28:25;nx1;1938;1938;0,0;0,0;650,0526000000001;2,9812972057953457;2,9812972057953457;42,0;41,05555555555556;40,5;114;114,0;114;0;0,0;100,0;100,0;100,0
loud_pred;60;t60_s1;2025-09-27_18:41:19;agx;4232;4232;3,855122095699433;22,805046328176378;2449,3132;1,727831295728125;1,727831295728125;46,5;44,20114555256065;43,0;1032;647,7419137466308;114;0;0,0;72,42438563327032;72,42438563327032;72,42438563327032
loud_pred;60;t60_s1;2025-09-27_18:41:19;nano0;4232;4232;3,855122095699433;22,805046328176378;711,5748000000001;5,94737194178321;5,94737194178321;26,0;22,05328418230563;20,0;921;307,6615281501341;76;0;0,0;72,42438563327032;72,42438563327032;72,42438563327032
loud_pred;60;t60_s1;2025-09-27_18:41:19;nano1;4232;4232;3,855122095699433;22,805046328176378;689,0804;6,141518464318532;6,141518464318532;30,5;26,421;24,5;921;297,34;76;0;0,0;72,42438563327032;72,42438563327032;72,42438563327032
loud_pred;60;t60_s1;2025-09-27_18:41:19;nx0;4232;4232;3,855122095699433;22,805046328176378;1401,787;3,019003600404341;3,019003600404341;45,0;43,35759052924791;42,0;1007;381,1344011142061;114;0;0,0;72,42438563327032;72,42438563327032;72,42438563327032
loud_pred;60;t60_s1;2025-09-27_18:41:19;nx1;4232;4232;3,855122095699433;22,805046328176378;1238,8778;3,4159947010108667;3,4159947010108667;43,0;41,16713483146067;39,5;1007;316,2261235955056;114;0;0,0;72,42438563327032;72,42438563327032;72,42438563327032
loud_pred;60;t60_s2;2025-09-27_18:58:02;agx;1350;1350;0,00017127259259259255;0,017018138952297125;1949,9708;0,6923180593268371;0,6923180593268371;45,0;43,78703047484054;42,5;1032;588,3671155209072;114;0;0,0;99,92592592592592;99,92592592592592;99,92592592592592
loud_pred;60;t60_s2;2025-09-27_18:58:02;nano0;1350;1350;0,00017127259259259255;0,017018138952297125;334,72540000000004;4,03315673086058;4,03315673086058;25,0;22,96225071225071;21,0;76;76,0;76;0;0,0;99,92592592592592;99,92592592592592;99,92592592592592
loud_pred;60;t60_s2;2025-09-27_18:58:02;nano1;1350;1350;0,00017127259259259255;0,017018138952297125;342,417;3,942561263021404;3,942561263021404;29,0;27,34722222222222;26,0;76;76,0;76;0;0,0;99,92592592592592;99,92592592592592;99,92592592592592
loud_pred;60;t60_s2;2025-09-27_18:58:02;nx0;1350;1350;0,00017127259259259255;0,017018138952297125;1314,6624000000002;1,0268796004206098;1,0268796004206098;45,5;44,47240143369176;43,5;1007;556,0444444444445;114;0;0,0;99,92592592592592;99,92592592592592;99,92592592592592
loud_pred;60;t60_s2;2025-09-27_18:58:02;nx1;1350;1350;0,00017127259259259255;0,017018138952297125;863,5588;1,5632982953795387;1,5632982953795387;44,0;42,15681137724551;40,5;905;128,80164670658684;114;0;0,0;99,92592592592592;99,92592592592592;99,92592592592592
loud_pred;60;t60_s3;2025-09-27_19:13:18;agx;4151;4151;3,857058001445435;38,724569996187476;2872,3188000000005;1,4451738435162558;1,4451738435162558;44,5;43,298259088581666;42,0;1032;491,15565796210956;114;0;0,0;60,226451457480124;60,226451457480124;60,226451457480124
loud_pred;60;t60_s3;2025-09-27_19:13:18;nano0;4151;4151;3,857058001445435;38,724569996187476;758,6712000000001;5,471408430951378;5,471408430951378;26,5;22,46680182463254;20,0;921;246,36340598074;76;0;0,0;60,226451457480124;60,226451457480124;60,226451457480124
loud_pred;60;t60_s3;2025-09-27_19:13:18;nano1;4151;4151;3,857058001445435;38,724569996187476;786,8304;5,275596875768907;5,275596875768907;30,0;26,55532994923858;24,5;921;240,56142131979695;76;0;0,0;60,226451457480124;60,226451457480124;60,226451457480124
loud_pred;60;t60_s3;2025-09-27_19:13:18;nx0;4151;4151;3,857058001445435;38,724569996187476;2171,8842;1,9112437025878268;1,9112437025878268;47,5;43,535492227979276;38,0;1007;534,539378238342;114;0;0,0;60,226451457480124;60,226451457480124;60,226451457480124
loud_pred;60;t60_s3;2025-09-27_19:13:18;nx1;4151;4151;3,857058001445435;38,724569996187476;1689,9112000000002;2,4563420847201907;2,4563420847201907;44,0;41,540021063717745;39,5;1007;343,49763033175356;114;0;0,0;60,226451457480124;60,226451457480124;60,226451457480124
loud_pred;60;t60_s4;2025-09-27_19:30:45;agx;802;802;0,0;0,0;1567,3024;0,511707249347669;0,511707249347669;44,5;43,157423208191126;42,5;1032;484,6970989761092;114;0;0,0;100,0;100,0;100,0
loud_pred;60;t60_s4;2025-09-27_19:30:45;nano0;802;802;0,0;0,0;275,6542;2,909442337537393;2,909442337537393;23,5;21,832188841201717;21,0;76;76,0;76;0;0,0;100,0;100,0;100,0
loud_pred;60;t60_s4;2025-09-27_19:30:45;nano1;802;802;0,0;0,0;281,3052;2,8509960000739407;2,8509960000739407;27,5;26,150943396226417;25,5;76;76,0;76;0;0,0;100,0;100,0;100,0
loud_pred;60;t60_s4;2025-09-27_19:30:45;nx0;802;802;0,0;0,0;908,7464;0,8825344452533732;0,8825344452533732;43,5;40,72486772486773;39,0;1007;358,8694885361552;114;0;0,0;100,0;100,0;100,0
loud_pred;60;t60_s4;2025-09-27_19:30:45;nx1;802;802;0,0;0,0;694,2698;1,1551705115216016;1,1551705115216016;42,0;41,03113718411552;40,5;114;114,0;114;0;0,0;100,0;100,0;100,0
loud_prof;60;t60_s0;2025-09-27_18:34:55;agx;1938;1938;0,005027698658410724;0,038555527799992516;1653,9444;1,1717443464242208;1,1717443464242208;45,5;43,82;42,5;905;608,466976744186;114;0;0,0;98,34881320949432;98,34881320949432;98,34881320949432
loud_prof;60;t60_s0;2025-09-27_18:34:55;nano0;1938;1938;0,005027698658410724;0,038555527799992516;253,79640000000003;7,636042118800739;7,636042118800739;23,5;21,318054256314312;20,5;76;76,0;76;0;0,0;98,34881320949432;98,34881320949432;98,34881320949432
loud_prof;60;t60_s0;2025-09-27_18:34:55;nano1;1938;1938;0,005027698658410724;0,038555527799992516;258,5392;7,495961927630317;7,495961927630317;27,5;25,446877912395152;24,5;76;76,0;76;0;0,0;98,34881320949432;98,34881320949432;98,34881320949432
loud_prof;60;t60_s0;2025-09-27_18:34:55;nx0;1938;1938;0,005027698658410724;0,038555527799992516;807,876;2,3988829968955634;2,3988829968955634;44,5;42,27982541222114;41,5;1007;300,2221144519884;114;0;0,0;98,34881320949432;98,34881320949432;98,34881320949432
loud_prof;60;t60_s0;2025-09-27_18:34:55;nx1;1938;1938;0,005027698658410724;0,038555527799992516;659,386;2,9390978880352328;2,9390978880352328;42,0;40,39736070381232;40,0;1007;139,3147605083089;114;0;0,0;98,34881320949432;98,34881320949432;98,34881320949432
loud_prof;60;t60_s1;2025-09-27_18:49:14;agx;4232;4232;12,181193633506616;72,90201135566844;2773,6422000000002;1,5257916107564269;1,5257916107564269;47,5;44,401408450704224;43,0;1377;605,8286384976526;114;0;0,0;47,63705103969754;47,63705103969754;47,63705103969754
loud_prof;60;t60_s1;2025-09-27_18:49:14;nano0;4232;4232;12,181193633506616;72,90201135566844;955,8688000000001;4,427385850443073;4,427385850443073;28,0;24,112810155799192;22,0;921;366,78361223312174;76;0;0,0;47,63705103969754;47,63705103969754;47,63705103969754
loud_prof;60;t60_s1;2025-09-27_18:49:14;nano1;4232;4232;12,181193633506616;72,90201135566844;956,7406000000001;4,423351533320526;4,423351533320526;33,5;28,555748122472558;26,0;921;365,6990179087233;76;0;0,0;47,63705103969754;47,63705103969754;47,63705103969754
loud_prof;60;t60_s1;2025-09-27_18:49:14;nx0;4232;4232;12,181193633506616;72,90201135566844;1838,6632000000002;2,3016722149004774;2,3016722149004774;47,0;44,58716417910448;43,0;1109;477,4382089552239;114;0;0,0;47,63705103969754;47,63705103969754;47,63705103969754
loud_prof;60;t60_s1;2025-09-27_18:49:14;nx1;4232;4232;12,181193633506616;72,90201135566844;1608,2088;2,631499093898752;2,631499093898752;45,0;43,17609873570139;41,5;1007;325,6116797110175;114;0;0,0;47,63705103969754;47,63705103969754;47,63705103969754
loud_prof;60;t60_s2;2025-09-27_19:05:43;agx;1350;1350;0,00816224370370371;0,08390055985894149;1860,161;0,7257436318684243;0,7257436318684243;44,5;43,348594087959626;42,5;905;437,92790194664747;114;0;0,0;98,07407407407408;98,07407407407408;98,07407407407408
loud_prof;60;t60_s2;2025-09-27_19:05:43;nano0;1350;1350;0,00816224370370371;0,08390055985894149;326,994;4,1285161195618265;4,1285161195618265;23,0;21,89963768115942;21,0;76;76,0;76;0;0,0;98,07407407407408;98,07407407407408;98,07407407407408
loud_prof;60;t60_s2;2025-09-27_19:05:43;nano1;1350;1350;0,00816224370370371;0,08390055985894149;334,55980000000005;4,035153057838986;4,035153057838986;27,5;26,128705712219812;25,5;76;76,0;76;0;0,0;98,07407407407408;98,07407407407408;98,07407407407408
loud_prof;60;t60_s2;2025-09-27_19:05:43;nx0;1350;1350;0,00816224370370371;0,08390055985894149;1500,248;0,8998512245975332;0,8998512245975332;47,0;45,474624731951394;44,0;1007;734,4674767691208;114;0;0,0;98,07407407407408;98,07407407407408;98,07407407407408
loud_prof;60;t60_s2;2025-09-27_19:05:43;nx1;1350;1350;0,00816224370370371;0,08390055985894149;827,5736;1,6312748497535445;1,6312748497535445;42,0;41,09809885931559;40,0;114;114,0;114;0;0,0;98,07407407407408;98,07407407407408;98,07407407407408
loud_prof;60;t60_s3;2025-09-27_19:23:00;agx;4151;4151;3,4000327258491936;23,227641423059186;2259,3602;1,837245783120372;1,837245783120372;45,5;43,75157232704402;42,5;1377;765,988819007687;114;0;0,0;76,51168393158275;76,51168393158275;76,51168393158275
loud_prof;60;t60_s3;2025-09-27_19:23:00;nano0;4151;4151;3,4000327258491936;23,227641423059186;575,1816;7,216851164919045;7,216851164919045;26,5;22,87655601659751;21,0;921;300,9066390041494;76;0;0,0;76,51168393158275;76,51168393158275;76,51168393158275
loud_prof;60;t60_s3;2025-09-27_19:23:00;nano1;4151;4151;3,4000327258491936;23,227641423059186;559,7078;7,416369755790432;7,416369755790432;30,5;26,857487922705314;25,5;921;280,2974465148378;76;0;0,0;76,51168393158275;76,51168393158275;76,51168393158275
loud_prof;60;t60_s3;2025-09-27_19:23:00;nx0;4151;4151;3,4000327258491936;23,227641423059186;1877,137;2,2113463215524494;2,2113463215524494;47,5;43,17820069204152;38,0;1109;793,2179930795847;114;0;0,0;76,51168393158275;76,51168393158275;76,51168393158275
loud_prof;60;t60_s3;2025-09-27_19:23:00;nx1;4151;4151;3,4000327258491936;23,227641423059186;1330,1694000000002;3,1206551586587388;3,1206551586587388;44,0;42,202219040801715;40,5;1007;499,9191123836793;114;0;0,0;76,51168393158275;76,51168393158275;76,51168393158275
loud_prof;60;t60_s4;2025-09-27_19:37:32;agx;802;802;0,001134104738154602;0,005664152651870187;1503,0882000000001;0,5335681565459698;0,5335681565459698;44,0;42,736952861952865;42,0;905;253,15740740740742;114;0;0,0;99,00249376558602;99,00249376558602;99,00249376558602
loud_prof;60;t60_s4;2025-09-27_19:37:32;nano0;802;802;0,001134104738154602;0,005664152651870187;277,99;2,8849958631605452;2,8849958631605452;23,0;21,03183361629881;20,5;76;76,0;76;0;0,0;99,00249376558602;99,00249376558602;99,00249376558602
loud_prof;60;t60_s4;2025-09-27_19:37:32;nano1;802;802;0,001134104738154602;0,005664152651870187;286,47020000000003;2,7995931164916974;2,7995931164916974;27,0;25,47536108751062;24,5;76;76,0;76;0;0,0;99,00249376558602;99,00249376558602;99,00249376558602
loud_prof;60;t60_s4;2025-09-27_19:37:32;nx0;802;802;0,001134104738154602;0,005664152651870187;1269,5776;0,6317061674686132;0,6317061674686132;46,0;43,637478849407785;42,0;1007;744,0862944162436;114;0;0,0;99,00249376558602;99,00249376558602;99,00249376558602
loud_prof;60;t60_s4;2025-09-27_19:37:32;nx1;802;802;0,001134104738154602;0,005664152651870187;755,0654000000001;1,0621596486873852;1,0621596486873852;42,5;40,58993766696349;40,0;1007;209,4274265360641;114;0;0,0;99,00249376558602;99,00249376558602;99,00249376558602
loud_pred;70;t70_s0;2025-09-27_19:44:22;agx;2202;2202;0,00027741780199818343;0,026192937426982026;2034,3136000000002;1,0824289824341733;1,0824289824341733;44,5;42,76725978647687;42,0;1032;688,1451957295374;114;0;0,0;99,77293369663943;99,77293369663943;99,77293369663943
loud_pred;70;t70_s0;2025-09-27_19:44:22;nano0;2202;2202;0,00027741780199818343;0,026192937426982026;329,21840000000003;6,688569047173547;6,688569047173547;22,5;21,323888091822095;20,0;76;76,0;76;0;0,0;99,77293369663943;99,77293369663943;99,77293369663943
loud_pred;70;t70_s0;2025-09-27_19:44:22;nano1;2202;2202;0,00027741780199818343;0,026192937426982026;335,15280000000007;6,570137561136292;6,570137561136292;26,5;25,514306151645208;24,5;76;76,0;76;0;0,0;99,77293369663943;99,77293369663943;99,77293369663943
loud_pred;70;t70_s0;2025-09-27_19:44:22;nx0;2202;2202;0,00027741780199818343;0,026192937426982026;1622,821;1,356896416795198;1,356896416795198;47,5;44,399439383321656;42,0;1007;791,4323756131745;114;0;0,0;99,77293369663943;99,77293369663943;99,77293369663943
loud_pred;70;t70_s0;2025-09-27_19:44:22;nx1;2202;2202;0,00027741780199818343;0,026192937426982026;920,2312000000001;2,392876920495632;2,392876920495632;42,0;40,539659006671606;39,5;905;226,46997776130468;114;0;0,0;99,77293369663943;99,77293369663943;99,77293369663943
loud_pred;70;t70_s1;2025-09-27_19:59:41;agx;1342;1342;6,47898658718331e-05;0,0021550561224420706;1735,8054000000002;0,7731281398248904;0,7731281398248904;43,0;41,73347857661583;41,0;1032;335,36601307189545;114;0;0,0;99,92548435171386;99,92548435171386;99,92548435171386
loud_pred;70;t70_s1;2025-09-27_19:59:41;nano0;1342;1342;6,47898658718331e-05;0,0021550561224420706;321,79080000000005;4,170411335563353;4,170411335563353;22,5;20,133627019089573;19,0;76;76,0;76;0;0,0;99,92548435171386;99,92548435171386;99,92548435171386
loud_pred;70;t70_s1;2025-09-27_19:59:41;nano1;1342;1342;6,47898658718331e-05;0,0021550561224420706;327,7912;4,094069639453408;4,094069639453408;26,5;24,607012417823228;24,0;76;76,0;76;0;0,0;99,92548435171386;99,92548435171386;99,92548435171386
loud_pred;70;t70_s1;2025-09-27_19:59:41;nx0;1342;1342;6,47898658718331e-05;0,0021550561224420706;1829,7;0,7334535716237635;0,7334535716237635;47,0;43,68236543909349;41,0;1007;833,5226628895184;114;0;0,0;99,92548435171386;99,92548435171386;99,92548435171386
loud_pred;70;t70_s1;2025-09-27_19:59:41;nx1;1342;1342;6,47898658718331e-05;0,0021550561224420706;877,794;1,5288325051207914;1,5288325051207914;40,5;39,08560606060606;38,5;905;200,29090909090908;114;0;0,0;99,92548435171386;99,92548435171386;99,92548435171386
loud_pred;70;t70_s2;2025-09-27_20:14:55;agx;1322;1322;0,44555693040847205;5,2924709139657224;2031,1866;0,6508510837950585;0,6508510837950585;46,0;42,81918119787718;41,5;1032;633,0849128127369;114;0;0,0;93,79727685325264;93,79727685325264;93,79727685325264
loud_pred;70;t70_s2;2025-09-27_20:14:55;nano0;1322;1322;0,44555693040847205;5,2924709139657224;310,9498;4,25149011190874;4,25149011190874;23,0;21,39351145038168;20,0;76;76,0;76;0;0,0;93,79727685325264;93,79727685325264;93,79727685325264
loud_pred;70;t70_s2;2025-09-27_20:14:55;nano1;1322;1322;0,44555693040847205;5,2924709139657224;313,7486;4,213564618296305;4,213564618296305;26,5;25,289473684210527;24,5;76;76,0;76;0;0,0;93,79727685325264;93,79727685325264;93,79727685325264
loud_pred;70;t70_s2;2025-09-27_20:14:55;nx0;1322;1322;0,44555693040847205;5,2924709139657224;915,9868;1,4432522390060643;1,4432522390060643;45,5;43,9304;43,0;1007;216,5704;114;0;0,0;93,79727685325264;93,79727685325264;93,79727685325264
loud_pred;70;t70_s2;2025-09-27_20:14:55;nx1;1322;1322;0,44555693040847205;5,2924709139657224;807,4058;1,63734270920521;1,63734270920521;41,5;40,39305666400639;39,5;114;114,0;114;0;0,0;93,79727685325264;93,79727685325264;93,79727685325264
loud_pred;70;t70_s3;2025-09-27_20:29:41;agx;2996;2996;1,2489541238317756;18,19845462105665;2623,1926000000003;1,1421197208317833;1,1421197208317833;44,5;42,803225806451614;42,0;1032;542,4854838709678;114;0;0,0;76,20160213618158;76,20160213618158;76,20160213618158
loud_pred;70;t70_s3;2025-09-27_20:29:41;nano0;2996;2996;1,2489541238317756;18,19845462105665;571,767;5,239896671196483;5,239896671196483;25,0;21,586663066954642;20,0;921;160,41522678185746;76;0;0,0;76,20160213618158;76,20160213618158;76,20160213618158
loud_pred;70;t70_s3;2025-09-27_20:29:41;nano1;2996;2996;1,2489541238317756;18,19845462105665;575,1336;5,209224430636638;5,209224430636638;28,5;25,38885884261763;24,0;921;158,95186587344512;76;0;0,0;76,20160213618158;76,20160213618158;76,20160213618158
loud_pred;70;t70_s3;2025-09-27_20:29:41;nx0;2996;2996;1,2489541238317756;18,19845462105665;2041,4092000000003;1,467613646494784;1,467613646494784;47,5;43,147776572668114;38,0;1007;609,0390455531453;114;0;0,0;76,20160213618158;76,20160213618158;76,20160213618158
loud_pred;70;t70_s3;2025-09-27_20:29:41;nx1;2996;2996;1,2489541238317756;18,19845462105665;1441,1178;2,0789417770011585;2,0789417770011585;42,0;40,61508596783139;39,5;1007;275,69828064337213;114;0;0,0;76,20160213618158;76,20160213618158;76,20160213618158
loud_pred;70;t70_s4;2025-09-27_20:48:22;agx;2569;2569;0,0067757454262358935;0,5414032895237508;2062,7138;1,2454466538208064;1,2454466538208064;45,5;43,28963650425367;42,0;1032;645,4207269914926;114;0;0,0;98,55975087582716;98,55975087582716;98,55975087582716
loud_pred;70;t70_s4;2025-09-27_20:48:22;nano0;2569;2569;0,0067757454262358935;0,5414032895237508;342,21560000000005;7,50696344643552;7,50696344643552;24,0;21,841982958946552;20,5;691;109,10766847405112;76;0;0,0;98,55975087582716;98,55975087582716;98,55975087582716
loud_pred;70;t70_s4;2025-09-27_20:48:22;nano1;2569;2569;0,0067757454262358935;0,5414032895237508;343,6292;7,476081776519574;7,476081776519574;27,0;25,778422273781903;25,0;691;107,27300850734726;76;0;0,0;98,55975087582716;98,55975087582716;98,55975087582716
loud_pred;70;t70_s4;2025-09-27_20:48:22;nx0;2569;2569;0,0067757454262358935;0,5414032895237508;1152,4688;2,229127591133053;2,229127591133053;44,0;42,25257323832146;41,0;1007;468,9714964370546;114;0;0,0;98,55975087582716;98,55975087582716;98,55975087582716
loud_pred;70;t70_s4;2025-09-27_20:48:22;nx1;2569;2569;0,0067757454262358935;0,5414032895237508;901,9906000000001;2,848144980668313;2,848144980668313;42,5;40,976612903225806;40,0;1007;233,98387096774192;114;0;0,0;98,55975087582716;98,55975087582716;98,55975087582716
loud_prof;70;t70_s0;2025-09-27_19:51:58;agx;2202;2202;0,0010855667574931874;0,02507319599546132;1994,945;1,1037898287922725;1,1037898287922725;44,5;42,75997150997151;41,5;905;564,1488603988604;114;0;0,0;99,09173478655767;99,09173478655767;99,09173478655767
loud_prof;70;t70_s0;2025-09-27_19:51:58;nano0;2202;2202;0,0010855667574931874;0,02507319599546132;332,95320000000004;6,613542083391899;6,613542083391899;22,5;21,53892857142857;20,5;76;76,0;76;0;0,0;99,09173478655767;99,09173478655767;99,09173478655767
loud_prof;70;t70_s0;2025-09-27_19:51:58;nano1;2202;2202;0,0010855667574931874;0,02507319599546132;338,073;6,513386162160244;6,513386162160244;26,5;25,34107142857143;24,5;76;76,0;76;0;0,0;99,09173478655767;99,09173478655767;99,09173478655767
loud_prof;70;t70_s0;2025-09-27_19:51:58;nx0;2202;2202;0,0010855667574931874;0,02507319599546132;1681,499;1,3095458278595467;1,3095458278595467;47,0;42,721059972106;38,5;1007;873,1534170153417;114;0;0,0;99,09173478655767;99,09173478655767;99,09173478655767
loud_prof;70;t70_s0;2025-09-27_19:51:58;nx1;2202;2202;0,0010855667574931874;0,02507319599546132;884,788;2,4887317639931825;2,4887317639931825;41,5;39,82988165680474;39,0;1007;174,39201183431953;114;0;0,0;99,09173478655767;99,09173478655767;99,09173478655767
loud_prof;70;t70_s1;2025-09-27_20:07:14;agx;1342;1342;0,0;0,0;1693,669;0,7923626163081452;0,7923626163081452;43,0;41,82301529497451;41,5;1032;184,10852148579752;114;0;0,0;100,0;100,0;100,0
loud_prof;70;t70_s1;2025-09-27_20:07:14;nano0;1342;1342;0,0;0,0;326,152;4,114645931958106;4,114645931958106;22,5;20,863138686131386;20,0;76;76,0;76;0;0,0;100,0;100,0;100,0
loud_prof;70;t70_s1;2025-09-27_20:07:14;nano1;1342;1342;0,0;0,0;328,153;4,089555786477649;4,089555786477649;26,5;24,983588621444202;24,0;76;76,0;76;0;0,0;100,0;100,0;100,0
loud_prof;70;t70_s1;2025-09-27_20:07:14;nx0;1342;1342;0,0;0,0;1872,4024000000002;0,7167262763602524;0,7167262763602524;47,5;45,481507823613086;44,0;1007;878,5071123755334;114;0;0,0;100,0;100,0;100,0
loud_prof;70;t70_s1;2025-09-27_20:07:14;nx1;1342;1342;0,0;0,0;946,8116000000001;1,4173886335993346;1,4173886335993346;41,0;40,01226765799257;39,0;1007;232,35687732342006;114;0;0,0;100,0;100,0;100,0
loud_prof;70;t70_s2;2025-09-27_20:22:20;agx;1322;1322;0,0;0,0;1791,5462000000002;0,7379100801307831;0,7379100801307831;44,0;42,545662100456624;41,5;905;431,2427701674277;114;0;0,0;100,0;100,0;100,0
loud_prof;70;t70_s2;2025-09-27_20:22:20;nano0;1322;1322;0,0;0,0;311,5548;4,2432342560602505;4,2432342560602505;23,5;21,269083969465647;20,0;76;76,0;76;0;0,0;100,0;100,0;100,0
loud_prof;70;t70_s2;2025-09-27_20:22:20;nano1;1322;1322;0,0;0,0;314,2724;4,206541840772527;4,206541840772527;26,5;25,001905487804876;24,0;76;76,0;76;0;0,0;100,0;100,0;100,0
loud_prof;70;t70_s2;2025-09-27_20:22:20;nx0;1322;1322;0,0;0,0;1171,3114;1,1286494778416738;1,1286494778416738;46,0;43,37665369649805;42,0;1007;498,30272373540856;114;0;0,0;100,0;100,0;100,0
loud_prof;70;t70_s2;2025-09-27_20:22:20;nx1;1322;1322;0,0;0,0;836,2362;1,5808930539003214;1,5808930539003214;41,0;40,16441082802548;39,5;1007;150,26035031847132;114;0;0,0;100,0;100,0;100,0
loud_prof;70;t70_s3;2025-09-27_20:39:01;agx;2996;2996;2,2699521982643525;29,39845970136686;2546,9872;1,1762917379404183;1,1762917379404183;44,0;42,356713973799124;41,5;1032;486,78711790393015;114;0;0,0;74,83311081441923;74,83311081441923;74,83311081441923
loud_prof;70;t70_s3;2025-09-27_20:39:01;nano0;2996;2996;2,2699521982643525;29,39845970136686;594,3764;5,0405769811856596;5,0405769811856596;23,5;20,948529411764707;19,5;921;194,890522875817;76;0;0,0;74,83311081441923;74,83311081441923;74,83311081441923
loud_prof;70;t70_s3;2025-09-27_20:39:01;nano1;2996;2996;2,2699521982643525;29,39845970136686;558,9642000000001;5,3599139265090665;5,3599139265090665;27,5;25,437670858392565;24,5;921;148,16621104428648;76;0;0,0;74,83311081441923;74,83311081441923;74,83311081441923
loud_prof;70;t70_s3;2025-09-27_20:39:01;nx0;2996;2996;2,2699521982643525;29,39845970136686;2169,5694;1,380919181474444;1,380919181474444;47,0;42,386536373507056;38,0;1007;720,8300760043431;114;0;0,0;74,83311081441923;74,83311081441923;74,83311081441923
loud_prof;70;t70_s3;2025-09-27_20:39:01;nx1;2996;2996;2,2699521982643525;29,39845970136686;1429,2884000000001;2,096147985249163;2,096147985249163;42,0;40,258426966292134;39,0;1058;301,03876404494383;114;0;0,0;74,83311081441923;74,83311081441923;74,83311081441923
loud_prof;70;t70_s4;2025-09-27_20:55:37;agx;2569;2569;0,003215368625924483;0,06947627346532739;1926,6048;1,3334338209891308;1,3334338209891308;45,0;43,21067193675889;42,0;905;596,7288537549407;114;0;0,0;99,0657843518879;99,0657843518879;99,0657843518879
loud_prof;70;t70_s4;2025-09-27_20:55:37;nano0;2569;2569;0,003215368625924483;0,06947627346532739;335,5914;7,6551425334499035;7,6551425334499035;23,5;21,36984126984127;20,0;691;107,41507936507936;76;0;0,0;99,0657843518879;99,0657843518879;99,0657843518879
loud_prof;70;t70_s4;2025-09-27_20:55:37;nano1;2569;2569;0,003215368625924483;0,06947627346532739;335,48080000000004;7,657666250944912;7,657666250944912;27,5;25,542823156225218;24,5;614;104,0975416336241;76;0;0,0;99,0657843518879;99,0657843518879;99,0657843518879
loud_prof;70;t70_s4;2025-09-27_20:55:37;nx0;2569;2569;0,003215368625924483;0,06947627346532739;1245,282;2,062986536382924;2,062986536382924;46,5;44,25;42,0;1007;587,6892971246007;114;0;0,0;99,0657843518879;99,0657843518879;99,0657843518879
loud_prof;70;t70_s4;2025-09-27_20:55:37;nx1;2569;2569;0,003215368625924483;0,06947627346532739;824,7598;3,114846286155072;3,114846286155072;42,0;40,686831275720166;40,0;1007;181,0304526748971;114;0;0,0;99,0657843518879;99,0657843518879;99,0657843518879
loud_pred;80;t80_s0;2025-09-27_21:02:46;agx;2436;2436;0,0;0,0;2155,5216;1,1301208951002857;1,1301208951002857;44,5;43,064065855404436;42,0;1032;697,3543307086615;114;0;0,0;100,0;100,0;100,0
loud_pred;80;t80_s0;2025-09-27_21:02:46;nano0;2436;2436;0,0;0,0;329,5022;7,392970365599987;7,392970365599987;23,0;20,398201438848922;19,5;76;76,0;76;0;0,0;100,0;100,0;100,0
loud_pred;80;t80_s0;2025-09-27_21:02:46;nano1;2436;2436;0,0;0,0;332,1514;7,334004914626282;7,334004914626282;26,0;25,07384726224784;24,5;76;76,0;76;0;0,0;100,0;100,0;100,0
loud_pred;80;t80_s0;2025-09-27_21:02:46;nx0;2436;2436;0,0;0,0;992,2124;2,4551194885288674;2,4551194885288674;44,5;43,104729729729726;42,0;1007;248,79954954954954;114;0;0,0;100,0;100,0;100,0
loud_pred;80;t80_s0;2025-09-27_21:02:46;nx1;2436;2436;0,0;0,0;837,6662000000001;2,908079614529033;2,908079614529033;41,0;39,8589647411853;39,0;1007;130,74793698424605;114;0;0,0;100,0;100,0;100,0
loud_pred;80;t80_s1;2025-09-27_21:18:04;agx;2704;2704;3,2504965780325445;33,095303332102496;2534,7416000000003;1,0667754062189219;1,0667754062189219;46,0;43,48358800226372;42,5;1032;526,9762308998302;114;0;0,0;70,9319526627219;70,9319526627219;70,9319526627219
loud_pred;80;t80_s1;2025-09-27_21:18:04;nano0;2704;2704;3,2504965780325445;33,095303332102496;569,421;4,748683311644635;4,748683311644635;24,0;21,739265536723163;21,0;921;172,73050847457628;76;0;0,0;70,9319526627219;70,9319526627219;70,9319526627219
loud_pred;80;t80_s1;2025-09-27_21:18:04;nano1;2704;2704;3,2504965780325445;33,095303332102496;577,2208;4,684515873301862;4,684515873301862;28,5;25,76271186440678;25,0;921;169,30282485875705;76;0;0,0;70,9319526627219;70,9319526627219;70,9319526627219
loud_pred;80;t80_s1;2025-09-27_21:18:04;nx0;2704;2704;3,2504965780325445;33,095303332102496;1690,3348;1,5996830923672636;1,5996830923672636;47,0;43,466685979142525;38,0;1007;433,00173812282736;114;0;0,0;70,9319526627219;70,9319526627219;70,9319526627219
loud_pred;80;t80_s1;2025-09-27_21:18:04;nx1;2704;2704;3,2504965780325445;33,095303332102496;1335,0946000000001;2,0253246474070075;2,0253246474070075;43,0;40,817811408614666;40,0;1007;253,89057043073342;114;0;0,0;70,9319526627219;70,9319526627219;70,9319526627219
loud_pred;80;t80_s2;2025-09-27_21:36:18;agx;5779;5779;39,47922046893926;245,76467465025164;3167,6332;1,8243905260242883;1,8243905260242883;45,5;43,689670726206586;42,5;1032;313,1474966170501;114;0;0,0;32,35853953971276;32,35853953971276;32,35853953971276
loud_pred;80;t80_s2;2025-09-27_21:36:18;nano0;5779;5779;39,47922046893926;245,76467465025164;1746,7186000000002;3,3084894155246296;3,3084894155246296;31,5;25,75692916849978;22,0;921;504,40035195776505;76;0;0,0;32,35853953971276;32,35853953971276;32,35853953971276
loud_pred;80;t80_s2;2025-09-27_21:36:18;nano1;5779;5779;39,47922046893926;245,76467465025164;1701,9246;3,3955675827236997;3,3955675827236997;36,0;29,658461538461538;25,5;921;485,35252747252747;76;0;0,0;32,35853953971276;32,35853953971276;32,35853953971276
loud_pred;80;t80_s2;2025-09-27_21:36:18;nx0;5779;5779;39,47922046893926;245,76467465025164;2840,9966;2,0341453418142073;2,0341453418142073;47,5;43,58196721311475;38,0;1007;482,03779599271405;114;0;0,0;32,35853953971276;32,35853953971276;32,35853953971276
loud_pred;80;t80_s2;2025-09-27_21:36:18;nx1;5779;5779;39,47922046893926;245,76467465025164;2085,2964;2,771308673433666;2,771308673433666;44,5;42,78722913785155;41,0;1007;268,25633932687873;114;0;0,0;32,35853953971276;32,35853953971276;32,35853953971276
loud_pred;80;t80_s3;2025-09-27_21:58:59;agx;1839;1839;0,0;0,0;1964,7784000000001;0,935983416755803;0,935983416755803;44,5;43,20466132556446;42,5;1032;659,9512017479971;114;0;0,0;100,0;100,0;100,0
loud_pred;80;t80_s3;2025-09-27_21:58:59;nano0;1839;1839;0,0;0,0;325,7332;5,6457247833503;5,6457247833503;26,0;22,539897510980968;20,0;76;76,0;76;0;0,0;100,0;100,0;100,0
loud_pred;80;t80_s3;2025-09-27_21:58:59;nano1;1839;1839;0,0;0,0;336,91580000000005;5,458337068193298;5,458337068193298;32,0;28,931701972242514;26,5;76;76,0;76;0;0,0;100,0;100,0;100,0
loud_pred;80;t80_s3;2025-09-27_21:58:59;nx0;1839;1839;0,0;0,0;1466,7622000000001;1,253781969565346;1,253781969565346;45,5;44,38900939985539;43,0;1007;709,5516992046277;114;0;0,0;100,0;100,0;100,0
loud_pred;80;t80_s3;2025-09-27_21:58:59;nx1;1839;1839;0,0;0,0;845,2426;2,1757067142616804;2,1757067142616804;43,5;41,37662337662338;39,5;905;148,44385026737967;114;0;0,0;100,0;100,0;100,0
loud_pred;80;t80_s4;2025-09-27_22:14:10;agx;2212;2212;0,11573473191681735;2,4870933154513333;2206,1904;1,0026333175957978;1,0026333175957978;44,5;43,04964308890331;42,0;1032;571,2478909798832;114;0;0,0;94,43942133815551;94,43942133815551;94,43942133815551
loud_pred;80;t80_s4;2025-09-27_22:14:10;nano0;2212;2212;0,11573473191681735;2,4870933154513333;410,785;5,384812006280657;5,384812006280657;24,5;21,83625730994152;20,5;921;107,06627680311891;76;0;0,0;94,43942133815551;94,43942133815551;94,43942133815551
loud_pred;80;t80_s4;2025-09-27_22:14:10;nano1;2212;2212;0,11573473191681735;2,4870933154513333;409,4272;5,402669876354087;5,402669876354087;28,0;25,788549121665582;25,0;921;108,19453480806766;76;0;0,0;94,43942133815551;94,43942133815551;94,43942133815551
loud_pred;80;t80_s4;2025-09-27_22:14:10;nx0;2212;2212;0,11573473191681735;2,4870933154513333;1559,5058000000001;1,4183980591800298;1,4183980591800298;47,0;43,9629388816645;40,5;1007;634,3348504551366;114;0;0,0;94,43942133815551;94,43942133815551;94,43942133815551
loud_pred;80;t80_s4;2025-09-27_22:14:10;nx1;2212;2212;0,11573473191681735;2,4870933154513333;1058,439;2,0898700822626526;2,0898700822626526;42,0;40,323707186030894;39,0;1007;221,82001343183344;114;0;0,0;94,43942133815551;94,43942133815551;94,43942133815551
loud_prof;80;t80_s0;2025-09-27_21:10:22;agx;2436;2436;0,005868234400656808;0,04500013765333355;2146,3712;1,1349388213930562;1,1349388213930562;45,0;43,50782361308677;42,5;905;649,5846372688478;114;0;0,0;98,31691297208539;98,31691297208539;98,31691297208539
loud_prof;80;t80_s0;2025-09-27_21:10:22;nano0;2436;2436;0,005868234400656808;0,04500013765333355;331,3992;7,350651419798237;7,350651419798237;23,0;20,849892780557543;20,0;76;76,0;76;0;0,0;98,31691297208539;98,31691297208539;98,31691297208539
loud_prof;80;t80_s0;2025-09-27_21:10:22;nano1;2436;2436;0,005868234400656808;0,04500013765333355;332,4182;7,328118616850702;7,328118616850702;26,0;25,067121320890166;24,0;76;76,0;76;0;0,0;98,31691297208539;98,31691297208539;98,31691297208539
loud_prof;80;t80_s0;2025-09-27_21:10:22;nx0;2436;2436;0,005868234400656808;0,04500013765333355;1076,6291999999999;2,2626174359751716;2,2626174359751716;44,5;42,802718589272594;42,0;1007;321,2299779573843;114;0;0,0;98,31691297208539;98,31691297208539;98,31691297208539
loud_prof;80;t80_s0;2025-09-27_21:10:22;nx1;2436;2436;0,005868234400656808;0,04500013765333355;848,284;2,8716797676249937;2,8716797676249937;41,5;39,802083333333336;39,0;1007;131,27529761904762;114;0;0,0;98,31691297208539;98,31691297208539;98,31691297208539
loud_prof;80;t80_s1;2025-09-27_21:27:10;agx;2704;2704;2,268839858727811;24,393237836353737;2518,222;1,0737734798599963;1,0737734798599963;45,0;43,34007869589657;42,5;1377;489,1455874086565;114;0;0,0;76,25739644970415;76,25739644970415;76,25739644970415
loud_prof;80;t80_s1;2025-09-27_21:27:10;nano0;2704;2704;2,268839858727811;24,393237836353737;558,8912;4,838150967487053;4,838150967487053;24,5;22,166198764738912;21,5;921;155,40651319483436;76;0;0,0;76,25739644970415;76,25739644970415;76,25739644970415
loud_prof;80;t80_s1;2025-09-27_21:27:10;nano1;2704;2704;2,268839858727811;24,393237836353737;528,241;5,118875664706072;5,118875664706072;28,5;26,029017857142858;25,5;921;138,59430803571428;76;0;0,0;76,25739644970415;76,25739644970415;76,25739644970415
loud_prof;80;t80_s1;2025-09-27_21:27:10;nx0;2704;2704;2,268839858727811;24,393237836353737;1840,911;1,4688379829334497;1,4688379829334497;47,0;43,704337899543376;40,5;1007;568,7248858447489;114;0;0,0;76,25739644970415;76,25739644970415;76,25739644970415
loud_prof;80;t80_s1;2025-09-27_21:27:10;nx1;2704;2704;2,268839858727811;24,393237836353737;1308,4634;2,0665461487115344;2,0665461487115344;43,0;41,0472027972028;40,0;1007;242,55944055944056;114;0;0,0;76,25739644970415;76,25739644970415;76,25739644970415
loud_prof;80;t80_s2;2025-09-27_21:47:00;agx;5779;5779;60,32103262277211;371,8672628561975;3659,3178000000003;1,5792561116173074;1,5792561116173074;45,5;43,81308411214953;43,0;1377;286,9933800623053;114;0;0,0;26,821249351098807;26,821249351098807;26,821249351098807
loud_prof;80;t80_s2;2025-09-27_21:47:00;nano0;5779;5779;60,32103262277211;371,8672628561975;2097,348;2,75538441879936;2,75538441879936;35,0;28,186363636363637;23,5;921;442,54924242424244;76;0;0,0;26,821249351098807;26,821249351098807;26,821249351098807
loud_prof;80;t80_s2;2025-09-27_21:47:00;nano1;5779;5779;60,32103262277211;371,8672628561975;2090,2184;2,76478285714067;2,76478285714067;40,5;33,11572135515797;28,5;921;431,25999238675297;76;0;0,0;26,821249351098807;26,821249351098807;26,821249351098807
loud_prof;80;t80_s2;2025-09-27_21:47:00;nx0;5779;5779;60,32103262277211;371,8672628561975;2739,2004;2,109739762012301;2,109739762012301;47,0;43,28974562798092;38,0;1007;332,3692368839428;114;0;0,0;26,821249351098807;26,821249351098807;26,821249351098807
loud_prof;80;t80_s2;2025-09-27_21:47:00;nx1;5779;5779;60,32103262277211;371,8672628561975;2432,596;2,375651361755096;2,375651361755096;47,0;43,884202148826105;42,0;1109;221,73537604456826;114;0;0,0;26,821249351098807;26,821249351098807;26,821249351098807
loud_prof;80;t80_s3;2025-09-27_22:06:29;agx;1839;1839;0,001056145731375748;0,039644644897594075;1961,8274000000001;0,9373913321834529;0,9373913321834529;45,0;43,10446175637394;42,0;905;498,29603399433427;114;0;0,0;99,673735725938;99,673735725938;99,673735725938
loud_prof;80;t80_s3;2025-09-27_22:06:29;nano0;1839;1839;0,001056145731375748;0,039644644897594075;333,1422;5,520165262761667;5,520165262761667;23,5;22,116045845272208;21,0;76;76,0;76;0;0,0;99,673735725938;99,673735725938;99,673735725938
loud_prof;80;t80_s3;2025-09-27_22:06:29;nano1;1839;1839;0,001056145731375748;0,039644644897594075;337,5414;5,448220573831832;5,448220573831832;28,0;26,7663082437276;26,0;76;76,0;76;0;0,0;99,673735725938;99,673735725938;99,673735725938
loud_prof;80;t80_s3;2025-09-27_22:06:29;nx0;1839;1839;0,001056145731375748;0,039644644897594075;1622,796;1,133229315329838;1,133229315329838;47,0;43,287508722958826;38,0;1007;842,2602930914167;114;0;0,0;99,673735725938;99,673735725938;99,673735725938
loud_prof;80;t80_s3;2025-09-27_22:06:29;nx1;1839;1839;0,001056145731375748;0,039644644897594075;864,9724;2,1260793986027764;2,1260793986027764;41,5;40,455052005943536;39,5;905;145,84843982169392;114;0;0,0;99,673735725938;99,673735725938;99,673735725938
loud_prof;80;t80_s4;2025-09-27_22:22:22;agx;2212;2212;0,0548904773960217;1,5481936768885691;2112,741;1,046981149132809;1,046981149132809;45,0;42,93161814488829;42,0;1377;536,7941773865945;114;0;0,0;95,93128390596745;95,93128390596745;95,93128390596745
loud_prof;80;t80_s4;2025-09-27_22:22:22;nano0;2212;2212;0,0548904773960217;1,5481936768885691;392,88160000000005;5,630194949318064;5,630194949318064;24,5;21,6953125;20,5;921;103,18953804347827;76;0;0,0;95,93128390596745;95,93128390596745;95,93128390596745
loud_prof;80;t80_s4;2025-09-27_22:22:22;nano1;2212;2212;0,0548904773960217;1,5481936768885691;395,8206;5,588390296007837;5,588390296007837;28,0;25,726902173913043;25,0;921;101,25815217391305;76;0;0,0;95,93128390596745;95,93128390596745;95,93128390596745
loud_prof;80;t80_s4;2025-09-27_22:22:22;nx0;2212;2212;0,0548904773960217;1,5481936768885691;1540,1754;1,4362000587725268;1,4362000587725268;47,0;44,076190476190476;41,0;1007;671,9034013605442;114;0;0,0;95,93128390596745;95,93128390596745;95,93128390596745
loud_prof;80;t80_s4;2025-09-27_22:22:22;nx1;2212;2212;0,0548904773960217;1,5481936768885691;993,7394;2,225935692999593;2,225935692999593;41,5;40,42482517482517;40,0;1007;208,22867132867134;114;0;0,0;95,93128390596745;95,93128390596745;95,93128390596745
